web-scraper-order,web-scraper-start-url,boys-category-link,boys-category-link-href,boys-new-in-product-link,boys-new-in-product-link-href,boys-new-in-product-name,boys-new-in-product-image-src,product-price,item-size
"1707163507-1","https://global.direct.asda.com/george/kids/D25,default,sc.html","New In","https://global.direct.asda.com/george/kids/new-in/D25M1G2C1,default,sc.html","Easy On Adaptive Minecraft Grey T-Shirt","https://global.direct.asda.com/george/kids/tops-t-shirts/easy-on-adaptive-minecraft-grey-t-shirt/GEM1113380,default,pd.html?cgid=D25M1G1C1","Easy On Adaptive Minecraft Grey T-Shirt","https://asda.scene7.com/is/image/Asda/5059197296395?hei=1026&wid=762&qlt=85&fmt=pjpg&resmode=sharp2&op_usm=1.1,0.5,0,0&defaultimage=default_details_George_rd","BGN23","5-6 Yrs"
"1707163507-2","https://global.direct.asda.com/george/kids/D25,default,sc.html","New In","https://global.direct.asda.com/george/kids/new-in/D25M1G2C1,default,sc.html","Easy On Adaptive Minecraft Grey T-Shirt","https://global.direct.asda.com/george/kids/tops-t-shirts/easy-on-adaptive-minecraft-grey-t-shirt/GEM1113380,default,pd.html?cgid=D25M1G1C1","Easy On Adaptive Minecraft Grey T-Shirt","https://asda.scene7.com/is/image/Asda/5059197296395?hei=1026&wid=762&qlt=85&fmt=pjpg&resmode=sharp2&op_usm=1.1,0.5,0,0&defaultimage=default_details_George_rd","BGN23","6-7 Yrs"
"1707163507-3","https://global.direct.asda.com/george/kids/D25,default,sc.html","New In","https://global.direct.asda.com/george/kids/new-in/D25M1G2C1,default,sc.html","Easy On Adaptive Minecraft Grey T-Shirt","https://global.direct.asda.com/george/kids/tops-t-shirts/easy-on-adaptive-minecraft-grey-t-shirt/GEM1113380,default,pd.html?cgid=D25M1G1C1","Easy On Adaptive Minecraft Grey T-Shirt","https://asda.scene7.com/is/image/Asda/5059197296395?hei=1026&wid=762&qlt=85&fmt=pjpg&resmode=sharp2&op_usm=1.1,0.5,0,0&defaultimage=default_details_George_rd","BGN23","7-8 Yrs"
"1707163507-4","https://global.direct.asda.com/george/kids/D25,default,sc.html","New In","https://global.direct.asda.com/george/kids/new-in/D25M1G2C1,default,sc.html","Easy On Adaptive Minecraft Grey T-Shirt","https://global.direct.asda.com/george/kids/tops-t-shirts/easy-on-adaptive-minecraft-grey-t-shirt/GEM1113380,default,pd.html?cgid=D25M1G1C1","Easy On Adaptive Minecraft Grey T-Shirt","https://asda.scene7.com/is/image/Asda/5059197296395?hei=1026&wid=762&qlt=85&fmt=pjpg&resmode=sharp2&op_usm=1.1,0.5,0,0&defaultimage=default_details_George_rd","BGN23","8-9 Yrs"
"1707163507-5","https://global.direct.asda.com/george/kids/D25,default,sc.html","New In","https://global.direct.asda.com/george/kids/new-in/D25M1G2C1,default,sc.html","Easy On Adaptive Minecraft Grey T-Shirt","https://global.direct.asda.com/george/kids/tops-t-shirts/easy-on-adaptive-minecraft-grey-t-shirt/GEM1113380,default,pd.html?cgid=D25M1G1C1","Easy On Adaptive Minecraft Grey T-Shirt","https://asda.scene7.com/is/image/Asda/5059197296395?hei=1026&wid=762&qlt=85&fmt=pjpg&resmode=sharp2&op_usm=1.1,0.5,0,0&defaultimage=default_details_George_rd","BGN23","9-10 Yrs"
"1707163507-6","https://global.direct.asda.com/george/kids/D25,default,sc.html","New In","https://global.direct.asda.com/george/kids/new-in/D25M1G2C1,default,sc.html","Easy On Adaptive Minecraft Grey T-Shirt","https://global.direct.asda.com/george/kids/tops-t-shirts/easy-on-adaptive-minecraft-grey-t-shirt/GEM1113380,default,pd.html?cgid=D25M1G1C1","Easy On Adaptive Minecraft Grey T-Shirt","https://asda.scene7.com/is/image/Asda/5059197296395?hei=1026&wid=762&qlt=85&fmt=pjpg&resmode=sharp2&op_usm=1.1,0.5,0,0&defaultimage=default_details_George_rd","BGN27","10-11 Yrs"
"1707163507-7","https://global.direct.asda.com/george/kids/D25,default,sc.html","New In","https://global.direct.asda.com/george/kids/new-in/D25M1G2C1,default,sc.html","Easy On Adaptive Minecraft Grey T-Shirt","https://global.direct.asda.com/george/kids/tops-t-shirts/easy-on-adaptive-minecraft-grey-t-shirt/GEM1113380,default,pd.html?cgid=D25M1G1C1","Easy On Adaptive Minecraft Grey T-Shirt","https://asda.scene7.com/is/image/Asda/5059197296395?hei=1026&wid=762&qlt=85&fmt=pjpg&resmode=sharp2&op_usm=1.1,0.5,0,0&defaultimage=default_details_George_rd","BGN27","11-12 Yrs"
"1707163507-8","https://global.direct.asda.com/george/kids/D25,default,sc.html","New In","https://global.direct.asda.com/george/kids/new-in/D25M1G2C1,default,sc.html","Easy On Adaptive Minecraft Grey T-Shirt","https://global.direct.asda.com/george/kids/tops-t-shirts/easy-on-adaptive-minecraft-grey-t-shirt/GEM1113380,default,pd.html?cgid=D25M1G1C1","Easy On Adaptive Minecraft Grey T-Shirt","https://asda.scene7.com/is/image/Asda/5059197296395?hei=1026&wid=762&qlt=85&fmt=pjpg&resmode=sharp2&op_usm=1.1,0.5,0,0&defaultimage=default_details_George_rd","BGN27","12-13 Yrs"
"1707163507-9","https://global.direct.asda.com/george/kids/D25,default,sc.html","New In","https://global.direct.asda.com/george/kids/new-in/D25M1G2C1,default,sc.html","Easy On Adaptive Minecraft Grey T-Shirt","https://global.direct.asda.com/george/kids/tops-t-shirts/easy-on-adaptive-minecraft-grey-t-shirt/GEM1113380,default,pd.html?cgid=D25M1G1C1","Easy On Adaptive Minecraft Grey T-Shirt","https://asda.scene7.com/is/image/Asda/5059197296395?hei=1026&wid=762&qlt=85&fmt=pjpg&resmode=sharp2&op_usm=1.1,0.5,0,0&defaultimage=default_details_George_rd","BGN22","13-14 Yrs"
"1707163507-10","https://global.direct.asda.com/george/kids/D25,default,sc.html","New In","https://global.direct.asda.com/george/kids/new-in/D25M1G2C1,default,sc.html","Easy On Adaptive Minecraft Grey T-Shirt","https://global.direct.asda.com/george/kids/tops-t-shirts/easy-on-adaptive-minecraft-grey-t-shirt/GEM1113380,default,pd.html?cgid=D25M1G1C1","Easy On Adaptive Minecraft Grey T-Shirt","https://asda.scene7.com/is/image/Asda/5059197296395?hei=1026&wid=762&qlt=85&fmt=pjpg&resmode=sharp2&op_usm=1.1,0.5,0,0&defaultimage=default_details_George_rd","BGN25","14-15 Yrs"
"1707163507-11","https://global.direct.asda.com/george/kids/D25,default,sc.html","New In","https://global.direct.asda.com/george/kids/new-in/D25M1G2C1,default,sc.html","Easy On Adaptive Minecraft Grey T-Shirt","https://global.direct.asda.com/george/kids/tops-t-shirts/easy-on-adaptive-minecraft-grey-t-shirt/GEM1113380,default,pd.html?cgid=D25M1G1C1","Easy On Adaptive Minecraft Grey T-Shirt","https://asda.scene7.com/is/image/Asda/5059197296395?hei=1026&wid=762&qlt=85&fmt=pjpg&resmode=sharp2&op_usm=1.1,0.5,0,0&defaultimage=default_details_George_rd","BGN25","15-16 Yrs"
"1707163515-12","https://global.direct.asda.com/george/kids/D25,default,sc.html","New In","https://global.direct.asda.com/george/kids/new-in/D25M1G2C1,default,sc.html","Navy Dinosaur Cupsole Slippers","https://global.direct.asda.com/george/kids/nightwear-slippers/navy-dinosaur-cupsole-slippers/GEM1095703,default,pd.html?cgid=D25M1G1C11","Navy Dinosaur Cupsole Slippers","https://asda.scene7.com/is/image/Asda/5059196436754?hei=1026&wid=762&qlt=85&fmt=pjpg&resmode=sharp2&op_usm=1.1,0.5,0,0&defaultimage=default_details_George_rd","BGN15","4 Jnr"
"1707163515-13","https://global.direct.asda.com/george/kids/D25,default,sc.html","New In","https://global.direct.asda.com/george/kids/new-in/D25M1G2C1,default,sc.html","Navy Dinosaur Cupsole Slippers","https://global.direct.asda.com/george/kids/nightwear-slippers/navy-dinosaur-cupsole-slippers/GEM1095703,default,pd.html?cgid=D25M1G1C11","Navy Dinosaur Cupsole Slippers","https://asda.scene7.com/is/image/Asda/5059196436754?hei=1026&wid=762&qlt=85&fmt=pjpg&resmode=sharp2&op_usm=1.1,0.5,0,0&defaultimage=default_details_George_rd","BGN15","5 Jnr"
"1707163515-14","https://global.direct.asda.com/george/kids/D25,default,sc.html","New In","https://global.direct.asda.com/george/kids/new-in/D25M1G2C1,default,sc.html","Navy Dinosaur Cupsole Slippers","https://global.direct.asda.com/george/kids/nightwear-slippers/navy-dinosaur-cupsole-slippers/GEM1095703,default,pd.html?cgid=D25M1G1C11","Navy Dinosaur Cupsole Slippers","https://asda.scene7.com/is/image/Asda/5059196436754?hei=1026&wid=762&qlt=85&fmt=pjpg&resmode=sharp2&op_usm=1.1,0.5,0,0&defaultimage=default_details_George_rd","BGN15","6 Jnr"
"1707163515-15","https://global.direct.asda.com/george/kids/D25,default,sc.html","New In","https://global.direct.asda.com/george/kids/new-in/D25M1G2C1,default,sc.html","Navy Dinosaur Cupsole Slippers","https://global.direct.asda.com/george/kids/nightwear-slippers/navy-dinosaur-cupsole-slippers/GEM1095703,default,pd.html?cgid=D25M1G1C11","Navy Dinosaur Cupsole Slippers","https://asda.scene7.com/is/image/Asda/5059196436754?hei=1026&wid=762&qlt=85&fmt=pjpg&resmode=sharp2&op_usm=1.1,0.5,0,0&defaultimage=default_details_George_rd","BGN15","7 Jnr"
"1707163515-16","https://global.direct.asda.com/george/kids/D25,default,sc.html","New In","https://global.direct.asda.com/george/kids/new-in/D25M1G2C1,default,sc.html","Navy Dinosaur Cupsole Slippers","https://global.direct.asda.com/george/kids/nightwear-slippers/navy-dinosaur-cupsole-slippers/GEM1095703,default,pd.html?cgid=D25M1G1C11","Navy Dinosaur Cupsole Slippers","https://asda.scene7.com/is/image/Asda/5059196436754?hei=1026&wid=762&qlt=85&fmt=pjpg&resmode=sharp2&op_usm=1.1,0.5,0,0&defaultimage=default_details_George_rd","BGN15","8 Jnr"
"1707163515-17","https://global.direct.asda.com/george/kids/D25,default,sc.html","New In","https://global.direct.asda.com/george/kids/new-in/D25M1G2C1,default,sc.html","Navy Dinosaur Cupsole Slippers","https://global.direct.asda.com/george/kids/nightwear-slippers/navy-dinosaur-cupsole-slippers/GEM1095703,default,pd.html?cgid=D25M1G1C11","Navy Dinosaur Cupsole Slippers","https://asda.scene7.com/is/image/Asda/5059196436754?hei=1026&wid=762&qlt=85&fmt=pjpg&resmode=sharp2&op_usm=1.1,0.5,0,0&defaultimage=default_details_George_rd","BGN15","9 Jnr"
"1707163515-18","https://global.direct.asda.com/george/kids/D25,default,sc.html","New In","https://global.direct.asda.com/george/kids/new-in/D25M1G2C1,default,sc.html","Navy Dinosaur Cupsole Slippers","https://global.direct.asda.com/george/kids/nightwear-slippers/navy-dinosaur-cupsole-slippers/GEM1095703,default,pd.html?cgid=D25M1G1C11","Navy Dinosaur Cupsole Slippers","https://asda.scene7.com/is/image/Asda/5059196436754?hei=1026&wid=762&qlt=85&fmt=pjpg&resmode=sharp2&op_usm=1.1,0.5,0,0&defaultimage=default_details_George_rd","BGN15","10 Jnr"
"1707163542-19","https://global.direct.asda.com/george/kids/D25,default,sc.html","New In","https://global.direct.asda.com/george/kids/new-in/D25M1G2C1,default,sc.html","Tie Dye Ombre Palm Tree Swim Shorts 2 Pack","https://global.direct.asda.com/george/kids/swimwear/tie-dye-ombre-palm-tree-swim-shorts-2-pack/GEM1088780,default,pd.html?cgid=D25M1G1C7","Tie Dye Ombre Palm Tree Swim Shorts 2 Pack","https://asda.scene7.com/is/image/Asda/5059196153552?hei=1026&wid=762&qlt=85&fmt=pjpg&resmode=sharp2&op_usm=1.1,0.5,0,0&defaultimage=default_details_George_rd","BGN30","5-6 Yrs"
"1707163542-20","https://global.direct.asda.com/george/kids/D25,default,sc.html","New In","https://global.direct.asda.com/george/kids/new-in/D25M1G2C1,default,sc.html","Tie Dye Ombre Palm Tree Swim Shorts 2 Pack","https://global.direct.asda.com/george/kids/swimwear/tie-dye-ombre-palm-tree-swim-shorts-2-pack/GEM1088780,default,pd.html?cgid=D25M1G1C7","Tie Dye Ombre Palm Tree Swim Shorts 2 Pack","https://asda.scene7.com/is/image/Asda/5059196153552?hei=1026&wid=762&qlt=85&fmt=pjpg&resmode=sharp2&op_usm=1.1,0.5,0,0&defaultimage=default_details_George_rd","BGN30","5-6 Yrs"
"1707163542-21","https://global.direct.asda.com/george/kids/D25,default,sc.html","New In","https://global.direct.asda.com/george/kids/new-in/D25M1G2C1,default,sc.html","Tie Dye Ombre Palm Tree Swim Shorts 2 Pack","https://global.direct.asda.com/george/kids/swimwear/tie-dye-ombre-palm-tree-swim-shorts-2-pack/GEM1088780,default,pd.html?cgid=D25M1G1C7","Tie Dye Ombre Palm Tree Swim Shorts 2 Pack","https://asda.scene7.com/is/image/Asda/5059196153552?hei=1026&wid=762&qlt=85&fmt=pjpg&resmode=sharp2&op_usm=1.1,0.5,0,0&defaultimage=default_details_George_rd","BGN30","5-6 Yrs"
"1707163542-22","https://global.direct.asda.com/george/kids/D25,default,sc.html","New In","https://global.direct.asda.com/george/kids/new-in/D25M1G2C1,default,sc.html","Tie Dye Ombre Palm Tree Swim Shorts 2 Pack","https://global.direct.asda.com/george/kids/swimwear/tie-dye-ombre-palm-tree-swim-shorts-2-pack/GEM1088780,default,pd.html?cgid=D25M1G1C7","Tie Dye Ombre Palm Tree Swim Shorts 2 Pack","https://asda.scene7.com/is/image/Asda/5059196153552?hei=1026&wid=762&qlt=85&fmt=pjpg&resmode=sharp2&op_usm=1.1,0.5,0,0&defaultimage=default_details_George_rd","BGN33","8-9 Yrs"
"1707163542-23","https://global.direct.asda.com/george/kids/D25,default,sc.html","New In","https://global.direct.asda.com/george/kids/new-in/D25M1G2C1,default,sc.html","Tie Dye Ombre Palm Tree Swim Shorts 2 Pack","https://global.direct.asda.com/george/kids/swimwear/tie-dye-ombre-palm-tree-swim-shorts-2-pack/GEM1088780,default,pd.html?cgid=D25M1G1C7","Tie Dye Ombre Palm Tree Swim Shorts 2 Pack","https://asda.scene7.com/is/image/Asda/5059196153552?hei=1026&wid=762&qlt=85&fmt=pjpg&resmode=sharp2&op_usm=1.1,0.5,0,0&defaultimage=default_details_George_rd","BGN33","9-10 Yrs"
"1707163542-24","https://global.direct.asda.com/george/kids/D25,default,sc.html","New In","https://global.direct.asda.com/george/kids/new-in/D25M1G2C1,default,sc.html","Tie Dye Ombre Palm Tree Swim Shorts 2 Pack","https://global.direct.asda.com/george/kids/swimwear/tie-dye-ombre-palm-tree-swim-shorts-2-pack/GEM1088780,default,pd.html?cgid=D25M1G1C7","Tie Dye Ombre Palm Tree Swim Shorts 2 Pack","https://asda.scene7.com/is/image/Asda/5059196153552?hei=1026&wid=762&qlt=85&fmt=pjpg&resmode=sharp2&op_usm=1.1,0.5,0,0&defaultimage=default_details_George_rd","BGN33","9-10 Yrs"
"1707163558-25","https://global.direct.asda.com/george/kids/D25,default,sc.html","New In","https://global.direct.asda.com/george/kids/new-in/D25M1G2C1,default,sc.html","Camouflage Palm Tree Swim Shorts 2 Pack","https://global.direct.asda.com/george/kids/swimwear/camouflage-palm-tree-swim-shorts-2-pack/GEM1088779,default,pd.html?cgid=D25M1G1C7","Camouflage Palm Tree Swim Shorts 2 Pack","https://asda.scene7.com/is/image/Asda/5059196153415?hei=1026&wid=762&qlt=85&fmt=pjpg&resmode=sharp2&op_usm=1.1,0.5,0,0&defaultimage=default_details_George_rd","BGN30","5-6 Yrs"
"1707163558-26","https://global.direct.asda.com/george/kids/D25,default,sc.html","New In","https://global.direct.asda.com/george/kids/new-in/D25M1G2C1,default,sc.html","Camouflage Palm Tree Swim Shorts 2 Pack","https://global.direct.asda.com/george/kids/swimwear/camouflage-palm-tree-swim-shorts-2-pack/GEM1088779,default,pd.html?cgid=D25M1G1C7","Camouflage Palm Tree Swim Shorts 2 Pack","https://asda.scene7.com/is/image/Asda/5059196153415?hei=1026&wid=762&qlt=85&fmt=pjpg&resmode=sharp2&op_usm=1.1,0.5,0,0&defaultimage=default_details_George_rd","BGN33","6-7 Yrs"
"1707163558-27","https://global.direct.asda.com/george/kids/D25,default,sc.html","New In","https://global.direct.asda.com/george/kids/new-in/D25M1G2C1,default,sc.html","Camouflage Palm Tree Swim Shorts 2 Pack","https://global.direct.asda.com/george/kids/swimwear/camouflage-palm-tree-swim-shorts-2-pack/GEM1088779,default,pd.html?cgid=D25M1G1C7","Camouflage Palm Tree Swim Shorts 2 Pack","https://asda.scene7.com/is/image/Asda/5059196153415?hei=1026&wid=762&qlt=85&fmt=pjpg&resmode=sharp2&op_usm=1.1,0.5,0,0&defaultimage=default_details_George_rd","BGN33","7-8 Yrs"
"1707163558-28","https://global.direct.asda.com/george/kids/D25,default,sc.html","New In","https://global.direct.asda.com/george/kids/new-in/D25M1G2C1,default,sc.html","Camouflage Palm Tree Swim Shorts 2 Pack","https://global.direct.asda.com/george/kids/swimwear/camouflage-palm-tree-swim-shorts-2-pack/GEM1088779,default,pd.html?cgid=D25M1G1C7","Camouflage Palm Tree Swim Shorts 2 Pack","https://asda.scene7.com/is/image/Asda/5059196153415?hei=1026&wid=762&qlt=85&fmt=pjpg&resmode=sharp2&op_usm=1.1,0.5,0,0&defaultimage=default_details_George_rd","BGN33","8-9 Yrs"
"1707163558-29","https://global.direct.asda.com/george/kids/D25,default,sc.html","New In","https://global.direct.asda.com/george/kids/new-in/D25M1G2C1,default,sc.html","Camouflage Palm Tree Swim Shorts 2 Pack","https://global.direct.asda.com/george/kids/swimwear/camouflage-palm-tree-swim-shorts-2-pack/GEM1088779,default,pd.html?cgid=D25M1G1C7","Camouflage Palm Tree Swim Shorts 2 Pack","https://asda.scene7.com/is/image/Asda/5059196153415?hei=1026&wid=762&qlt=85&fmt=pjpg&resmode=sharp2&op_usm=1.1,0.5,0,0&defaultimage=default_details_George_rd","BGN33","9-10 Yrs"
"1707163558-30","https://global.direct.asda.com/george/kids/D25,default,sc.html","New In","https://global.direct.asda.com/george/kids/new-in/D25M1G2C1,default,sc.html","Camouflage Palm Tree Swim Shorts 2 Pack","https://global.direct.asda.com/george/kids/swimwear/camouflage-palm-tree-swim-shorts-2-pack/GEM1088779,default,pd.html?cgid=D25M1G1C7","Camouflage Palm Tree Swim Shorts 2 Pack","https://asda.scene7.com/is/image/Asda/5059196153415?hei=1026&wid=762&qlt=85&fmt=pjpg&resmode=sharp2&op_usm=1.1,0.5,0,0&defaultimage=default_details_George_rd","BGN37","10-11 Yrs"
"1707163558-31","https://global.direct.asda.com/george/kids/D25,default,sc.html","New In","https://global.direct.asda.com/george/kids/new-in/D25M1G2C1,default,sc.html","Camouflage Palm Tree Swim Shorts 2 Pack","https://global.direct.asda.com/george/kids/swimwear/camouflage-palm-tree-swim-shorts-2-pack/GEM1088779,default,pd.html?cgid=D25M1G1C7","Camouflage Palm Tree Swim Shorts 2 Pack","https://asda.scene7.com/is/image/Asda/5059196153415?hei=1026&wid=762&qlt=85&fmt=pjpg&resmode=sharp2&op_usm=1.1,0.5,0,0&defaultimage=default_details_George_rd","BGN37","11-12 Yrs"
"1707163558-32","https://global.direct.asda.com/george/kids/D25,default,sc.html","New In","https://global.direct.asda.com/george/kids/new-in/D25M1G2C1,default,sc.html","Camouflage Palm Tree Swim Shorts 2 Pack","https://global.direct.asda.com/george/kids/swimwear/camouflage-palm-tree-swim-shorts-2-pack/GEM1088779,default,pd.html?cgid=D25M1G1C7","Camouflage Palm Tree Swim Shorts 2 Pack","https://asda.scene7.com/is/image/Asda/5059196153415?hei=1026&wid=762&qlt=85&fmt=pjpg&resmode=sharp2&op_usm=1.1,0.5,0,0&defaultimage=default_details_George_rd","BGN37","12-13 Yrs"
"1707163558-33","https://global.direct.asda.com/george/kids/D25,default,sc.html","New In","https://global.direct.asda.com/george/kids/new-in/D25M1G2C1,default,sc.html","Camouflage Palm Tree Swim Shorts 2 Pack","https://global.direct.asda.com/george/kids/swimwear/camouflage-palm-tree-swim-shorts-2-pack/GEM1088779,default,pd.html?cgid=D25M1G1C7","Camouflage Palm Tree Swim Shorts 2 Pack","https://asda.scene7.com/is/image/Asda/5059196153415?hei=1026&wid=762&qlt=85&fmt=pjpg&resmode=sharp2&op_usm=1.1,0.5,0,0&defaultimage=default_details_George_rd","BGN37","12-13 Yrs"
"1707163565-34","https://global.direct.asda.com/george/kids/D25,default,sc.html","New In","https://global.direct.asda.com/george/kids/new-in/D25M1G2C1,default,sc.html","PAW Patrol Pawsome Friends Green Long Sleeve Top","https://global.direct.asda.com/george/kids/tops-t-shirts/paw-patrol-pawsome-friends-green-long-sleeve-top/GEM1086430,default,pd.html?cgid=D25M1G1C1","PAW Patrol Pawsome Friends Green Long Sleeve Top","https://asda.scene7.com/is/image/Asda/5059196003130?hei=1026&wid=762&qlt=85&fmt=pjpg&resmode=sharp2&op_usm=1.1,0.5,0,0&defaultimage=default_details_George_rd","BGN14","1-1.5 Yrs"
"1707163565-35","https://global.direct.asda.com/george/kids/D25,default,sc.html","New In","https://global.direct.asda.com/george/kids/new-in/D25M1G2C1,default,sc.html","PAW Patrol Pawsome Friends Green Long Sleeve Top","https://global.direct.asda.com/george/kids/tops-t-shirts/paw-patrol-pawsome-friends-green-long-sleeve-top/GEM1086430,default,pd.html?cgid=D25M1G1C1","PAW Patrol Pawsome Friends Green Long Sleeve Top","https://asda.scene7.com/is/image/Asda/5059196003130?hei=1026&wid=762&qlt=85&fmt=pjpg&resmode=sharp2&op_usm=1.1,0.5,0,0&defaultimage=default_details_George_rd","BGN14","1.5-2 Yrs"
"1707163565-36","https://global.direct.asda.com/george/kids/D25,default,sc.html","New In","https://global.direct.asda.com/george/kids/new-in/D25M1G2C1,default,sc.html","PAW Patrol Pawsome Friends Green Long Sleeve Top","https://global.direct.asda.com/george/kids/tops-t-shirts/paw-patrol-pawsome-friends-green-long-sleeve-top/GEM1086430,default,pd.html?cgid=D25M1G1C1","PAW Patrol Pawsome Friends Green Long Sleeve Top","https://asda.scene7.com/is/image/Asda/5059196003130?hei=1026&wid=762&qlt=85&fmt=pjpg&resmode=sharp2&op_usm=1.1,0.5,0,0&defaultimage=default_details_George_rd","BGN14","2-3 Yrs"
"1707163565-37","https://global.direct.asda.com/george/kids/D25,default,sc.html","New In","https://global.direct.asda.com/george/kids/new-in/D25M1G2C1,default,sc.html","PAW Patrol Pawsome Friends Green Long Sleeve Top","https://global.direct.asda.com/george/kids/tops-t-shirts/paw-patrol-pawsome-friends-green-long-sleeve-top/GEM1086430,default,pd.html?cgid=D25M1G1C1","PAW Patrol Pawsome Friends Green Long Sleeve Top","https://asda.scene7.com/is/image/Asda/5059196003130?hei=1026&wid=762&qlt=85&fmt=pjpg&resmode=sharp2&op_usm=1.1,0.5,0,0&defaultimage=default_details_George_rd","BGN16","3-4 Yrs"
"1707163565-38","https://global.direct.asda.com/george/kids/D25,default,sc.html","New In","https://global.direct.asda.com/george/kids/new-in/D25M1G2C1,default,sc.html","PAW Patrol Pawsome Friends Green Long Sleeve Top","https://global.direct.asda.com/george/kids/tops-t-shirts/paw-patrol-pawsome-friends-green-long-sleeve-top/GEM1086430,default,pd.html?cgid=D25M1G1C1","PAW Patrol Pawsome Friends Green Long Sleeve Top","https://asda.scene7.com/is/image/Asda/5059196003130?hei=1026&wid=762&qlt=85&fmt=pjpg&resmode=sharp2&op_usm=1.1,0.5,0,0&defaultimage=default_details_George_rd","BGN16","4-5 Yrs"
"1707163565-39","https://global.direct.asda.com/george/kids/D25,default,sc.html","New In","https://global.direct.asda.com/george/kids/new-in/D25M1G2C1,default,sc.html","PAW Patrol Pawsome Friends Green Long Sleeve Top","https://global.direct.asda.com/george/kids/tops-t-shirts/paw-patrol-pawsome-friends-green-long-sleeve-top/GEM1086430,default,pd.html?cgid=D25M1G1C1","PAW Patrol Pawsome Friends Green Long Sleeve Top","https://asda.scene7.com/is/image/Asda/5059196003130?hei=1026&wid=762&qlt=85&fmt=pjpg&resmode=sharp2&op_usm=1.1,0.5,0,0&defaultimage=default_details_George_rd","BGN16","5-6 Yrs"
"1707163565-40","https://global.direct.asda.com/george/kids/D25,default,sc.html","New In","https://global.direct.asda.com/george/kids/new-in/D25M1G2C1,default,sc.html","PAW Patrol Pawsome Friends Green Long Sleeve Top","https://global.direct.asda.com/george/kids/tops-t-shirts/paw-patrol-pawsome-friends-green-long-sleeve-top/GEM1086430,default,pd.html?cgid=D25M1G1C1","PAW Patrol Pawsome Friends Green Long Sleeve Top","https://asda.scene7.com/is/image/Asda/5059196003130?hei=1026&wid=762&qlt=85&fmt=pjpg&resmode=sharp2&op_usm=1.1,0.5,0,0&defaultimage=default_details_George_rd","BGN18","6-7 Yrs"
"1707163605-41","https://global.direct.asda.com/george/kids/D25,default,sc.html","New In","https://global.direct.asda.com/george/kids/new-in/D25M1G2C1,default,sc.html","Red Truck Long Sleeve Pyjamas","https://global.direct.asda.com/george/kids/nightwear-slippers/red-truck-long-sleeve-pyjamas/GEM1098960,default,pd.html?cgid=D25M1G1C11","Red Truck Long Sleeve Pyjamas","https://asda.scene7.com/is/image/Asda/5059196499735?hei=1026&wid=762&qlt=85&fmt=pjpg&resmode=sharp2&op_usm=1.1,0.5,0,0&defaultimage=default_details_George_rd","BGN12","1.5-2 Yrs"
"1707163605-42","https://global.direct.asda.com/george/kids/D25,default,sc.html","New In","https://global.direct.asda.com/george/kids/new-in/D25M1G2C1,default,sc.html","Red Truck Long Sleeve Pyjamas","https://global.direct.asda.com/george/kids/nightwear-slippers/red-truck-long-sleeve-pyjamas/GEM1098960,default,pd.html?cgid=D25M1G1C11","Red Truck Long Sleeve Pyjamas","https://asda.scene7.com/is/image/Asda/5059196499735?hei=1026&wid=762&qlt=85&fmt=pjpg&resmode=sharp2&op_usm=1.1,0.5,0,0&defaultimage=default_details_George_rd","BGN12","1.5-2 Yrs"
"1707163605-43","https://global.direct.asda.com/george/kids/D25,default,sc.html","New In","https://global.direct.asda.com/george/kids/new-in/D25M1G2C1,default,sc.html","Red Truck Long Sleeve Pyjamas","https://global.direct.asda.com/george/kids/nightwear-slippers/red-truck-long-sleeve-pyjamas/GEM1098960,default,pd.html?cgid=D25M1G1C11","Red Truck Long Sleeve Pyjamas","https://asda.scene7.com/is/image/Asda/5059196499735?hei=1026&wid=762&qlt=85&fmt=pjpg&resmode=sharp2&op_usm=1.1,0.5,0,0&defaultimage=default_details_George_rd","BGN12","1.5-2 Yrs"
"1707163605-44","https://global.direct.asda.com/george/kids/D25,default,sc.html","New In","https://global.direct.asda.com/george/kids/new-in/D25M1G2C1,default,sc.html","Red Truck Long Sleeve Pyjamas","https://global.direct.asda.com/george/kids/nightwear-slippers/red-truck-long-sleeve-pyjamas/GEM1098960,default,pd.html?cgid=D25M1G1C11","Red Truck Long Sleeve Pyjamas","https://asda.scene7.com/is/image/Asda/5059196499735?hei=1026&wid=762&qlt=85&fmt=pjpg&resmode=sharp2&op_usm=1.1,0.5,0,0&defaultimage=default_details_George_rd","BGN12","1.5-2 Yrs"
"1707163605-45","https://global.direct.asda.com/george/kids/D25,default,sc.html","New In","https://global.direct.asda.com/george/kids/new-in/D25M1G2C1,default,sc.html","Red Truck Long Sleeve Pyjamas","https://global.direct.asda.com/george/kids/nightwear-slippers/red-truck-long-sleeve-pyjamas/GEM1098960,default,pd.html?cgid=D25M1G1C11","Red Truck Long Sleeve Pyjamas","https://asda.scene7.com/is/image/Asda/5059196499735?hei=1026&wid=762&qlt=85&fmt=pjpg&resmode=sharp2&op_usm=1.1,0.5,0,0&defaultimage=default_details_George_rd","BGN15","6-7 Yrs"
"1707163605-46","https://global.direct.asda.com/george/kids/D25,default,sc.html","New In","https://global.direct.asda.com/george/kids/new-in/D25M1G2C1,default,sc.html","Red Truck Long Sleeve Pyjamas","https://global.direct.asda.com/george/kids/nightwear-slippers/red-truck-long-sleeve-pyjamas/GEM1098960,default,pd.html?cgid=D25M1G1C11","Red Truck Long Sleeve Pyjamas","https://asda.scene7.com/is/image/Asda/5059196499735?hei=1026&wid=762&qlt=85&fmt=pjpg&resmode=sharp2&op_usm=1.1,0.5,0,0&defaultimage=default_details_George_rd","BGN15","7-8 Yrs"
"1707163641-47","https://global.direct.asda.com/george/kids/D25,default,sc.html","New In","https://global.direct.asda.com/george/kids/new-in/D25M1G2C1,default,sc.html","Grey Star Long Sleeve Pyjamas","https://global.direct.asda.com/george/kids/nightwear-slippers/grey-star-long-sleeve-pyjamas/GEM1098967,default,pd.html?cgid=D25M1G1C11","Grey Star Long Sleeve Pyjamas","https://asda.scene7.com/is/image/Asda/5059196501575?hei=1026&wid=762&qlt=85&fmt=pjpg&resmode=sharp2&op_usm=1.1,0.5,0,0&defaultimage=default_details_George_rd","BGN12","1.5-2 Yrs"
"1707163641-48","https://global.direct.asda.com/george/kids/D25,default,sc.html","New In","https://global.direct.asda.com/george/kids/new-in/D25M1G2C1,default,sc.html","Grey Star Long Sleeve Pyjamas","https://global.direct.asda.com/george/kids/nightwear-slippers/grey-star-long-sleeve-pyjamas/GEM1098967,default,pd.html?cgid=D25M1G1C11","Grey Star Long Sleeve Pyjamas","https://asda.scene7.com/is/image/Asda/5059196501575?hei=1026&wid=762&qlt=85&fmt=pjpg&resmode=sharp2&op_usm=1.1,0.5,0,0&defaultimage=default_details_George_rd","BGN12","1.5-2 Yrs"
"1707163641-49","https://global.direct.asda.com/george/kids/D25,default,sc.html","New In","https://global.direct.asda.com/george/kids/new-in/D25M1G2C1,default,sc.html","Grey Star Long Sleeve Pyjamas","https://global.direct.asda.com/george/kids/nightwear-slippers/grey-star-long-sleeve-pyjamas/GEM1098967,default,pd.html?cgid=D25M1G1C11","Grey Star Long Sleeve Pyjamas","https://asda.scene7.com/is/image/Asda/5059196501575?hei=1026&wid=762&qlt=85&fmt=pjpg&resmode=sharp2&op_usm=1.1,0.5,0,0&defaultimage=default_details_George_rd","BGN12","1.5-2 Yrs"
"1707163641-50","https://global.direct.asda.com/george/kids/D25,default,sc.html","New In","https://global.direct.asda.com/george/kids/new-in/D25M1G2C1,default,sc.html","Grey Star Long Sleeve Pyjamas","https://global.direct.asda.com/george/kids/nightwear-slippers/grey-star-long-sleeve-pyjamas/GEM1098967,default,pd.html?cgid=D25M1G1C11","Grey Star Long Sleeve Pyjamas","https://asda.scene7.com/is/image/Asda/5059196501575?hei=1026&wid=762&qlt=85&fmt=pjpg&resmode=sharp2&op_usm=1.1,0.5,0,0&defaultimage=default_details_George_rd","BGN12","1.5-2 Yrs"
"1707163641-51","https://global.direct.asda.com/george/kids/D25,default,sc.html","New In","https://global.direct.asda.com/george/kids/new-in/D25M1G2C1,default,sc.html","Grey Star Long Sleeve Pyjamas","https://global.direct.asda.com/george/kids/nightwear-slippers/grey-star-long-sleeve-pyjamas/GEM1098967,default,pd.html?cgid=D25M1G1C11","Grey Star Long Sleeve Pyjamas","https://asda.scene7.com/is/image/Asda/5059196501575?hei=1026&wid=762&qlt=85&fmt=pjpg&resmode=sharp2&op_usm=1.1,0.5,0,0&defaultimage=default_details_George_rd","BGN12","5-6 Yrs"
"1707163641-52","https://global.direct.asda.com/george/kids/D25,default,sc.html","New In","https://global.direct.asda.com/george/kids/new-in/D25M1G2C1,default,sc.html","Grey Star Long Sleeve Pyjamas","https://global.direct.asda.com/george/kids/nightwear-slippers/grey-star-long-sleeve-pyjamas/GEM1098967,default,pd.html?cgid=D25M1G1C11","Grey Star Long Sleeve Pyjamas","https://asda.scene7.com/is/image/Asda/5059196501575?hei=1026&wid=762&qlt=85&fmt=pjpg&resmode=sharp2&op_usm=1.1,0.5,0,0&defaultimage=default_details_George_rd","BGN15","6-7 Yrs"
"1707163641-53","https://global.direct.asda.com/george/kids/D25,default,sc.html","New In","https://global.direct.asda.com/george/kids/new-in/D25M1G2C1,default,sc.html","Grey Star Long Sleeve Pyjamas","https://global.direct.asda.com/george/kids/nightwear-slippers/grey-star-long-sleeve-pyjamas/GEM1098967,default,pd.html?cgid=D25M1G1C11","Grey Star Long Sleeve Pyjamas","https://asda.scene7.com/is/image/Asda/5059196501575?hei=1026&wid=762&qlt=85&fmt=pjpg&resmode=sharp2&op_usm=1.1,0.5,0,0&defaultimage=default_details_George_rd","BGN15","7-8 Yrs"
"1707163641-54","https://global.direct.asda.com/george/kids/D25,default,sc.html","New In","https://global.direct.asda.com/george/kids/new-in/D25M1G2C1,default,sc.html","Grey Star Long Sleeve Pyjamas","https://global.direct.asda.com/george/kids/nightwear-slippers/grey-star-long-sleeve-pyjamas/GEM1098967,default,pd.html?cgid=D25M1G1C11","Grey Star Long Sleeve Pyjamas","https://asda.scene7.com/is/image/Asda/5059196501575?hei=1026&wid=762&qlt=85&fmt=pjpg&resmode=sharp2&op_usm=1.1,0.5,0,0&defaultimage=default_details_George_rd","BGN15","8-9 Yrs"
"1707163641-55","https://global.direct.asda.com/george/kids/D25,default,sc.html","New In","https://global.direct.asda.com/george/kids/new-in/D25M1G2C1,default,sc.html","Grey Star Long Sleeve Pyjamas","https://global.direct.asda.com/george/kids/nightwear-slippers/grey-star-long-sleeve-pyjamas/GEM1098967,default,pd.html?cgid=D25M1G1C11","Grey Star Long Sleeve Pyjamas","https://asda.scene7.com/is/image/Asda/5059196501575?hei=1026&wid=762&qlt=85&fmt=pjpg&resmode=sharp2&op_usm=1.1,0.5,0,0&defaultimage=default_details_George_rd","BGN15","9-10 Yrs"
"1707163641-56","https://global.direct.asda.com/george/kids/D25,default,sc.html","New In","https://global.direct.asda.com/george/kids/new-in/D25M1G2C1,default,sc.html","Grey Star Long Sleeve Pyjamas","https://global.direct.asda.com/george/kids/nightwear-slippers/grey-star-long-sleeve-pyjamas/GEM1098967,default,pd.html?cgid=D25M1G1C11","Grey Star Long Sleeve Pyjamas","https://asda.scene7.com/is/image/Asda/5059196501575?hei=1026&wid=762&qlt=85&fmt=pjpg&resmode=sharp2&op_usm=1.1,0.5,0,0&defaultimage=default_details_George_rd","BGN15","10-11 Yrs"
"1707163641-57","https://global.direct.asda.com/george/kids/D25,default,sc.html","New In","https://global.direct.asda.com/george/kids/new-in/D25M1G2C1,default,sc.html","Grey Star Long Sleeve Pyjamas","https://global.direct.asda.com/george/kids/nightwear-slippers/grey-star-long-sleeve-pyjamas/GEM1098967,default,pd.html?cgid=D25M1G1C11","Grey Star Long Sleeve Pyjamas","https://asda.scene7.com/is/image/Asda/5059196501575?hei=1026&wid=762&qlt=85&fmt=pjpg&resmode=sharp2&op_usm=1.1,0.5,0,0&defaultimage=default_details_George_rd","BGN15","11-12 Yrs"
"1707163651-58","https://global.direct.asda.com/george/kids/D25,default,sc.html","New In","https://global.direct.asda.com/george/kids/new-in/D25M1G2C1,default,sc.html","Khaki Textured Jumper","https://global.direct.asda.com/george/kids/jumpers/khaki-textured-jumper/GEM1086802,default,pd.html?cgid=D25M1G1C3","Khaki Textured Jumper","https://asda.scene7.com/is/image/Asda/5059196026177?hei=1026&wid=762&qlt=85&fmt=pjpg&resmode=sharp2&op_usm=1.1,0.5,0,0&defaultimage=default_details_George_rd","BGN34","4-5 Yrs"
"1707163651-59","https://global.direct.asda.com/george/kids/D25,default,sc.html","New In","https://global.direct.asda.com/george/kids/new-in/D25M1G2C1,default,sc.html","Khaki Textured Jumper","https://global.direct.asda.com/george/kids/jumpers/khaki-textured-jumper/GEM1086802,default,pd.html?cgid=D25M1G1C3","Khaki Textured Jumper","https://asda.scene7.com/is/image/Asda/5059196026177?hei=1026&wid=762&qlt=85&fmt=pjpg&resmode=sharp2&op_usm=1.1,0.5,0,0&defaultimage=default_details_George_rd","BGN34","5-6 Yrs"
"1707163651-60","https://global.direct.asda.com/george/kids/D25,default,sc.html","New In","https://global.direct.asda.com/george/kids/new-in/D25M1G2C1,default,sc.html","Khaki Textured Jumper","https://global.direct.asda.com/george/kids/jumpers/khaki-textured-jumper/GEM1086802,default,pd.html?cgid=D25M1G1C3","Khaki Textured Jumper","https://asda.scene7.com/is/image/Asda/5059196026177?hei=1026&wid=762&qlt=85&fmt=pjpg&resmode=sharp2&op_usm=1.1,0.5,0,0&defaultimage=default_details_George_rd","BGN33","6-7 Yrs"
"1707163651-61","https://global.direct.asda.com/george/kids/D25,default,sc.html","New In","https://global.direct.asda.com/george/kids/new-in/D25M1G2C1,default,sc.html","Khaki Textured Jumper","https://global.direct.asda.com/george/kids/jumpers/khaki-textured-jumper/GEM1086802,default,pd.html?cgid=D25M1G1C3","Khaki Textured Jumper","https://asda.scene7.com/is/image/Asda/5059196026177?hei=1026&wid=762&qlt=85&fmt=pjpg&resmode=sharp2&op_usm=1.1,0.5,0,0&defaultimage=default_details_George_rd","BGN33","7-8 Yrs"
"1707163651-62","https://global.direct.asda.com/george/kids/D25,default,sc.html","New In","https://global.direct.asda.com/george/kids/new-in/D25M1G2C1,default,sc.html","Khaki Textured Jumper","https://global.direct.asda.com/george/kids/jumpers/khaki-textured-jumper/GEM1086802,default,pd.html?cgid=D25M1G1C3","Khaki Textured Jumper","https://asda.scene7.com/is/image/Asda/5059196026177?hei=1026&wid=762&qlt=85&fmt=pjpg&resmode=sharp2&op_usm=1.1,0.5,0,0&defaultimage=default_details_George_rd","BGN33","8-9 Yrs"
"1707163651-63","https://global.direct.asda.com/george/kids/D25,default,sc.html","New In","https://global.direct.asda.com/george/kids/new-in/D25M1G2C1,default,sc.html","Khaki Textured Jumper","https://global.direct.asda.com/george/kids/jumpers/khaki-textured-jumper/GEM1086802,default,pd.html?cgid=D25M1G1C3","Khaki Textured Jumper","https://asda.scene7.com/is/image/Asda/5059196026177?hei=1026&wid=762&qlt=85&fmt=pjpg&resmode=sharp2&op_usm=1.1,0.5,0,0&defaultimage=default_details_George_rd","BGN33","9-10 Yrs"
"1707163651-64","https://global.direct.asda.com/george/kids/D25,default,sc.html","New In","https://global.direct.asda.com/george/kids/new-in/D25M1G2C1,default,sc.html","Khaki Textured Jumper","https://global.direct.asda.com/george/kids/jumpers/khaki-textured-jumper/GEM1086802,default,pd.html?cgid=D25M1G1C3","Khaki Textured Jumper","https://asda.scene7.com/is/image/Asda/5059196026177?hei=1026&wid=762&qlt=85&fmt=pjpg&resmode=sharp2&op_usm=1.1,0.5,0,0&defaultimage=default_details_George_rd","BGN34","10-11 Yrs"
"1707163651-65","https://global.direct.asda.com/george/kids/D25,default,sc.html","New In","https://global.direct.asda.com/george/kids/new-in/D25M1G2C1,default,sc.html","Khaki Textured Jumper","https://global.direct.asda.com/george/kids/jumpers/khaki-textured-jumper/GEM1086802,default,pd.html?cgid=D25M1G1C3","Khaki Textured Jumper","https://asda.scene7.com/is/image/Asda/5059196026177?hei=1026&wid=762&qlt=85&fmt=pjpg&resmode=sharp2&op_usm=1.1,0.5,0,0&defaultimage=default_details_George_rd","BGN34","11-12 Yrs"
"1707163651-66","https://global.direct.asda.com/george/kids/D25,default,sc.html","New In","https://global.direct.asda.com/george/kids/new-in/D25M1G2C1,default,sc.html","Khaki Textured Jumper","https://global.direct.asda.com/george/kids/jumpers/khaki-textured-jumper/GEM1086802,default,pd.html?cgid=D25M1G1C3","Khaki Textured Jumper","https://asda.scene7.com/is/image/Asda/5059196026177?hei=1026&wid=762&qlt=85&fmt=pjpg&resmode=sharp2&op_usm=1.1,0.5,0,0&defaultimage=default_details_George_rd","BGN34","12-13 Yrs"
"1707163651-67","https://global.direct.asda.com/george/kids/D25,default,sc.html","New In","https://global.direct.asda.com/george/kids/new-in/D25M1G2C1,default,sc.html","Khaki Textured Jumper","https://global.direct.asda.com/george/kids/jumpers/khaki-textured-jumper/GEM1086802,default,pd.html?cgid=D25M1G1C3","Khaki Textured Jumper","https://asda.scene7.com/is/image/Asda/5059196026177?hei=1026&wid=762&qlt=85&fmt=pjpg&resmode=sharp2&op_usm=1.1,0.5,0,0&defaultimage=default_details_George_rd","BGN31","13-14 Yrs"
"1707163651-68","https://global.direct.asda.com/george/kids/D25,default,sc.html","New In","https://global.direct.asda.com/george/kids/new-in/D25M1G2C1,default,sc.html","Khaki Textured Jumper","https://global.direct.asda.com/george/kids/jumpers/khaki-textured-jumper/GEM1086802,default,pd.html?cgid=D25M1G1C3","Khaki Textured Jumper","https://asda.scene7.com/is/image/Asda/5059196026177?hei=1026&wid=762&qlt=85&fmt=pjpg&resmode=sharp2&op_usm=1.1,0.5,0,0&defaultimage=default_details_George_rd","BGN28","14-15 Yrs"
"1707163659-69","https://global.direct.asda.com/george/kids/D25,default,sc.html","New In","https://global.direct.asda.com/george/kids/new-in/D25M1G2C1,default,sc.html","Pokémon Checkerboard High Top Trainers","https://global.direct.asda.com/george/kids/shoes/pokemon-checkerboard-high-top-trainers/GEM1084439,default,pd.html?cgid=D25M1G1C14","Pokémon Checkerboard High Top Trainers","https://asda.scene7.com/is/image/Asda/5059195857116?hei=1026&wid=762&qlt=85&fmt=pjpg&resmode=sharp2&op_usm=1.1,0.5,0,0&defaultimage=default_details_George_rd","BGN46","8 Jnr"
"1707163659-70","https://global.direct.asda.com/george/kids/D25,default,sc.html","New In","https://global.direct.asda.com/george/kids/new-in/D25M1G2C1,default,sc.html","Pokémon Checkerboard High Top Trainers","https://global.direct.asda.com/george/kids/shoes/pokemon-checkerboard-high-top-trainers/GEM1084439,default,pd.html?cgid=D25M1G1C14","Pokémon Checkerboard High Top Trainers","https://asda.scene7.com/is/image/Asda/5059195857116?hei=1026&wid=762&qlt=85&fmt=pjpg&resmode=sharp2&op_usm=1.1,0.5,0,0&defaultimage=default_details_George_rd","BGN46","9 Jnr"
"1707163659-71","https://global.direct.asda.com/george/kids/D25,default,sc.html","New In","https://global.direct.asda.com/george/kids/new-in/D25M1G2C1,default,sc.html","Pokémon Checkerboard High Top Trainers","https://global.direct.asda.com/george/kids/shoes/pokemon-checkerboard-high-top-trainers/GEM1084439,default,pd.html?cgid=D25M1G1C14","Pokémon Checkerboard High Top Trainers","https://asda.scene7.com/is/image/Asda/5059195857116?hei=1026&wid=762&qlt=85&fmt=pjpg&resmode=sharp2&op_usm=1.1,0.5,0,0&defaultimage=default_details_George_rd","BGN46","10 Jnr"
"1707163659-72","https://global.direct.asda.com/george/kids/D25,default,sc.html","New In","https://global.direct.asda.com/george/kids/new-in/D25M1G2C1,default,sc.html","Pokémon Checkerboard High Top Trainers","https://global.direct.asda.com/george/kids/shoes/pokemon-checkerboard-high-top-trainers/GEM1084439,default,pd.html?cgid=D25M1G1C14","Pokémon Checkerboard High Top Trainers","https://asda.scene7.com/is/image/Asda/5059195857116?hei=1026&wid=762&qlt=85&fmt=pjpg&resmode=sharp2&op_usm=1.1,0.5,0,0&defaultimage=default_details_George_rd","BGN46","11 Jnr"
"1707163659-73","https://global.direct.asda.com/george/kids/D25,default,sc.html","New In","https://global.direct.asda.com/george/kids/new-in/D25M1G2C1,default,sc.html","Pokémon Checkerboard High Top Trainers","https://global.direct.asda.com/george/kids/shoes/pokemon-checkerboard-high-top-trainers/GEM1084439,default,pd.html?cgid=D25M1G1C14","Pokémon Checkerboard High Top Trainers","https://asda.scene7.com/is/image/Asda/5059195857116?hei=1026&wid=762&qlt=85&fmt=pjpg&resmode=sharp2&op_usm=1.1,0.5,0,0&defaultimage=default_details_George_rd","BGN50","12 Jnr"
"1707163659-74","https://global.direct.asda.com/george/kids/D25,default,sc.html","New In","https://global.direct.asda.com/george/kids/new-in/D25M1G2C1,default,sc.html","Pokémon Checkerboard High Top Trainers","https://global.direct.asda.com/george/kids/shoes/pokemon-checkerboard-high-top-trainers/GEM1084439,default,pd.html?cgid=D25M1G1C14","Pokémon Checkerboard High Top Trainers","https://asda.scene7.com/is/image/Asda/5059195857116?hei=1026&wid=762&qlt=85&fmt=pjpg&resmode=sharp2&op_usm=1.1,0.5,0,0&defaultimage=default_details_George_rd","BGN50","1"
"1707163659-75","https://global.direct.asda.com/george/kids/D25,default,sc.html","New In","https://global.direct.asda.com/george/kids/new-in/D25M1G2C1,default,sc.html","Pokémon Checkerboard High Top Trainers","https://global.direct.asda.com/george/kids/shoes/pokemon-checkerboard-high-top-trainers/GEM1084439,default,pd.html?cgid=D25M1G1C14","Pokémon Checkerboard High Top Trainers","https://asda.scene7.com/is/image/Asda/5059195857116?hei=1026&wid=762&qlt=85&fmt=pjpg&resmode=sharp2&op_usm=1.1,0.5,0,0&defaultimage=default_details_George_rd","BGN50","2"
"1707163668-76","https://global.direct.asda.com/george/kids/D25,default,sc.html","New In","https://global.direct.asda.com/george/kids/new-in/D25M1G2C1,default,sc.html","Marvel Comic Superhero T-Shirts 3 Pack","https://global.direct.asda.com/george/kids/tops-t-shirts/marvel-comic-superhero-t-shirts-3-pack/GEM1086273,default,pd.html?cgid=D25M1G1C1","Marvel Comic Superhero T-Shirts 3 Pack","https://asda.scene7.com/is/image/Asda/5059195988117?hei=1026&wid=762&qlt=85&fmt=pjpg&resmode=sharp2&op_usm=1.1,0.5,0,0&defaultimage=default_details_George_rd","BGN37","1-1.5 Yrs"
"1707163668-77","https://global.direct.asda.com/george/kids/D25,default,sc.html","New In","https://global.direct.asda.com/george/kids/new-in/D25M1G2C1,default,sc.html","Marvel Comic Superhero T-Shirts 3 Pack","https://global.direct.asda.com/george/kids/tops-t-shirts/marvel-comic-superhero-t-shirts-3-pack/GEM1086273,default,pd.html?cgid=D25M1G1C1","Marvel Comic Superhero T-Shirts 3 Pack","https://asda.scene7.com/is/image/Asda/5059195988117?hei=1026&wid=762&qlt=85&fmt=pjpg&resmode=sharp2&op_usm=1.1,0.5,0,0&defaultimage=default_details_George_rd","BGN37","1.5-2 Yrs"
"1707163668-78","https://global.direct.asda.com/george/kids/D25,default,sc.html","New In","https://global.direct.asda.com/george/kids/new-in/D25M1G2C1,default,sc.html","Marvel Comic Superhero T-Shirts 3 Pack","https://global.direct.asda.com/george/kids/tops-t-shirts/marvel-comic-superhero-t-shirts-3-pack/GEM1086273,default,pd.html?cgid=D25M1G1C1","Marvel Comic Superhero T-Shirts 3 Pack","https://asda.scene7.com/is/image/Asda/5059195988117?hei=1026&wid=762&qlt=85&fmt=pjpg&resmode=sharp2&op_usm=1.1,0.5,0,0&defaultimage=default_details_George_rd","BGN37","2-3 Yrs"
"1707163668-79","https://global.direct.asda.com/george/kids/D25,default,sc.html","New In","https://global.direct.asda.com/george/kids/new-in/D25M1G2C1,default,sc.html","Marvel Comic Superhero T-Shirts 3 Pack","https://global.direct.asda.com/george/kids/tops-t-shirts/marvel-comic-superhero-t-shirts-3-pack/GEM1086273,default,pd.html?cgid=D25M1G1C1","Marvel Comic Superhero T-Shirts 3 Pack","https://asda.scene7.com/is/image/Asda/5059195988117?hei=1026&wid=762&qlt=85&fmt=pjpg&resmode=sharp2&op_usm=1.1,0.5,0,0&defaultimage=default_details_George_rd","BGN43","3-4 Yrs"
"1707163668-80","https://global.direct.asda.com/george/kids/D25,default,sc.html","New In","https://global.direct.asda.com/george/kids/new-in/D25M1G2C1,default,sc.html","Marvel Comic Superhero T-Shirts 3 Pack","https://global.direct.asda.com/george/kids/tops-t-shirts/marvel-comic-superhero-t-shirts-3-pack/GEM1086273,default,pd.html?cgid=D25M1G1C1","Marvel Comic Superhero T-Shirts 3 Pack","https://asda.scene7.com/is/image/Asda/5059195988117?hei=1026&wid=762&qlt=85&fmt=pjpg&resmode=sharp2&op_usm=1.1,0.5,0,0&defaultimage=default_details_George_rd","BGN43","4-5 Yrs"
"1707163668-81","https://global.direct.asda.com/george/kids/D25,default,sc.html","New In","https://global.direct.asda.com/george/kids/new-in/D25M1G2C1,default,sc.html","Marvel Comic Superhero T-Shirts 3 Pack","https://global.direct.asda.com/george/kids/tops-t-shirts/marvel-comic-superhero-t-shirts-3-pack/GEM1086273,default,pd.html?cgid=D25M1G1C1","Marvel Comic Superhero T-Shirts 3 Pack","https://asda.scene7.com/is/image/Asda/5059195988117?hei=1026&wid=762&qlt=85&fmt=pjpg&resmode=sharp2&op_usm=1.1,0.5,0,0&defaultimage=default_details_George_rd","BGN43","5-6 Yrs"
"1707163668-82","https://global.direct.asda.com/george/kids/D25,default,sc.html","New In","https://global.direct.asda.com/george/kids/new-in/D25M1G2C1,default,sc.html","Marvel Comic Superhero T-Shirts 3 Pack","https://global.direct.asda.com/george/kids/tops-t-shirts/marvel-comic-superhero-t-shirts-3-pack/GEM1086273,default,pd.html?cgid=D25M1G1C1","Marvel Comic Superhero T-Shirts 3 Pack","https://asda.scene7.com/is/image/Asda/5059195988117?hei=1026&wid=762&qlt=85&fmt=pjpg&resmode=sharp2&op_usm=1.1,0.5,0,0&defaultimage=default_details_George_rd","BGN50","6-7 Yrs"
"1707163668-83","https://global.direct.asda.com/george/kids/D25,default,sc.html","New In","https://global.direct.asda.com/george/kids/new-in/D25M1G2C1,default,sc.html","Marvel Comic Superhero T-Shirts 3 Pack","https://global.direct.asda.com/george/kids/tops-t-shirts/marvel-comic-superhero-t-shirts-3-pack/GEM1086273,default,pd.html?cgid=D25M1G1C1","Marvel Comic Superhero T-Shirts 3 Pack","https://asda.scene7.com/is/image/Asda/5059195988117?hei=1026&wid=762&qlt=85&fmt=pjpg&resmode=sharp2&op_usm=1.1,0.5,0,0&defaultimage=default_details_George_rd","BGN50","7-8 Yrs"
"1707163675-84","https://global.direct.asda.com/george/kids/D25,default,sc.html","New In","https://global.direct.asda.com/george/kids/new-in/D25M1G2C1,default,sc.html","Billie Faiers Grey Striped Ribbed Bodysuit Leggings and Socks Outfit","https://global.direct.asda.com/george/baby/baby-boy-outfits/billie-faiers-grey-striped-ribbed-bodysuit-leggings-and-socks-outfit/GEM1084903,default,pd.html?cgid=D5M9G1C5","Billie Faiers Grey Striped Ribbed Bodysuit Leggings and Socks Outfit","https://asda.scene7.com/is/image/Asda/5059195909396?hei=1026&wid=762&qlt=85&fmt=pjpg&resmode=sharp2&op_usm=1.1,0.5,0,0&defaultimage=default_details_George_rd","BGN40","0-3 Mths"
"1707163675-85","https://global.direct.asda.com/george/kids/D25,default,sc.html","New In","https://global.direct.asda.com/george/kids/new-in/D25M1G2C1,default,sc.html","Billie Faiers Grey Striped Ribbed Bodysuit Leggings and Socks Outfit","https://global.direct.asda.com/george/baby/baby-boy-outfits/billie-faiers-grey-striped-ribbed-bodysuit-leggings-and-socks-outfit/GEM1084903,default,pd.html?cgid=D5M9G1C5","Billie Faiers Grey Striped Ribbed Bodysuit Leggings and Socks Outfit","https://asda.scene7.com/is/image/Asda/5059195909396?hei=1026&wid=762&qlt=85&fmt=pjpg&resmode=sharp2&op_usm=1.1,0.5,0,0&defaultimage=default_details_George_rd","BGN40","3-6 Mths"
"1707163675-86","https://global.direct.asda.com/george/kids/D25,default,sc.html","New In","https://global.direct.asda.com/george/kids/new-in/D25M1G2C1,default,sc.html","Billie Faiers Grey Striped Ribbed Bodysuit Leggings and Socks Outfit","https://global.direct.asda.com/george/baby/baby-boy-outfits/billie-faiers-grey-striped-ribbed-bodysuit-leggings-and-socks-outfit/GEM1084903,default,pd.html?cgid=D5M9G1C5","Billie Faiers Grey Striped Ribbed Bodysuit Leggings and Socks Outfit","https://asda.scene7.com/is/image/Asda/5059195909396?hei=1026&wid=762&qlt=85&fmt=pjpg&resmode=sharp2&op_usm=1.1,0.5,0,0&defaultimage=default_details_George_rd","BGN40","6-9 Mths"
"1707163675-87","https://global.direct.asda.com/george/kids/D25,default,sc.html","New In","https://global.direct.asda.com/george/kids/new-in/D25M1G2C1,default,sc.html","Billie Faiers Grey Striped Ribbed Bodysuit Leggings and Socks Outfit","https://global.direct.asda.com/george/baby/baby-boy-outfits/billie-faiers-grey-striped-ribbed-bodysuit-leggings-and-socks-outfit/GEM1084903,default,pd.html?cgid=D5M9G1C5","Billie Faiers Grey Striped Ribbed Bodysuit Leggings and Socks Outfit","https://asda.scene7.com/is/image/Asda/5059195909396?hei=1026&wid=762&qlt=85&fmt=pjpg&resmode=sharp2&op_usm=1.1,0.5,0,0&defaultimage=default_details_George_rd","BGN40","9-12 Mths"
"1707163675-88","https://global.direct.asda.com/george/kids/D25,default,sc.html","New In","https://global.direct.asda.com/george/kids/new-in/D25M1G2C1,default,sc.html","Billie Faiers Grey Striped Ribbed Bodysuit Leggings and Socks Outfit","https://global.direct.asda.com/george/baby/baby-boy-outfits/billie-faiers-grey-striped-ribbed-bodysuit-leggings-and-socks-outfit/GEM1084903,default,pd.html?cgid=D5M9G1C5","Billie Faiers Grey Striped Ribbed Bodysuit Leggings and Socks Outfit","https://asda.scene7.com/is/image/Asda/5059195909396?hei=1026&wid=762&qlt=85&fmt=pjpg&resmode=sharp2&op_usm=1.1,0.5,0,0&defaultimage=default_details_George_rd","BGN40","12-18 Mths"
"1707163675-89","https://global.direct.asda.com/george/kids/D25,default,sc.html","New In","https://global.direct.asda.com/george/kids/new-in/D25M1G2C1,default,sc.html","Billie Faiers Grey Striped Ribbed Bodysuit Leggings and Socks Outfit","https://global.direct.asda.com/george/baby/baby-boy-outfits/billie-faiers-grey-striped-ribbed-bodysuit-leggings-and-socks-outfit/GEM1084903,default,pd.html?cgid=D5M9G1C5","Billie Faiers Grey Striped Ribbed Bodysuit Leggings and Socks Outfit","https://asda.scene7.com/is/image/Asda/5059195909396?hei=1026&wid=762&qlt=85&fmt=pjpg&resmode=sharp2&op_usm=1.1,0.5,0,0&defaultimage=default_details_George_rd","BGN40","18-24 Mths"
"1707163684-90","https://global.direct.asda.com/george/kids/D25,default,sc.html","New In","https://global.direct.asda.com/george/kids/new-in/D25M1G2C1,default,sc.html","Sonic The Hedgehog Long Sleeve Pyjamas","https://global.direct.asda.com/george/kids/nightwear-slippers/sonic-the-hedgehog-long-sleeve-pyjamas/GEM1097917,default,pd.html?cgid=D25M1G1C11","Sonic The Hedgehog Long Sleeve Pyjamas","https://asda.scene7.com/is/image/Asda/5059196466010?hei=1026&wid=762&qlt=85&fmt=pjpg&resmode=sharp2&op_usm=1.1,0.5,0,0&defaultimage=default_details_George_rd","BGN33","4-5 Yrs"
"1707163684-91","https://global.direct.asda.com/george/kids/D25,default,sc.html","New In","https://global.direct.asda.com/george/kids/new-in/D25M1G2C1,default,sc.html","Sonic The Hedgehog Long Sleeve Pyjamas","https://global.direct.asda.com/george/kids/nightwear-slippers/sonic-the-hedgehog-long-sleeve-pyjamas/GEM1097917,default,pd.html?cgid=D25M1G1C11","Sonic The Hedgehog Long Sleeve Pyjamas","https://asda.scene7.com/is/image/Asda/5059196466010?hei=1026&wid=762&qlt=85&fmt=pjpg&resmode=sharp2&op_usm=1.1,0.5,0,0&defaultimage=default_details_George_rd","BGN33","5-6 Yrs"
"1707163684-92","https://global.direct.asda.com/george/kids/D25,default,sc.html","New In","https://global.direct.asda.com/george/kids/new-in/D25M1G2C1,default,sc.html","Sonic The Hedgehog Long Sleeve Pyjamas","https://global.direct.asda.com/george/kids/nightwear-slippers/sonic-the-hedgehog-long-sleeve-pyjamas/GEM1097917,default,pd.html?cgid=D25M1G1C11","Sonic The Hedgehog Long Sleeve Pyjamas","https://asda.scene7.com/is/image/Asda/5059196466010?hei=1026&wid=762&qlt=85&fmt=pjpg&resmode=sharp2&op_usm=1.1,0.5,0,0&defaultimage=default_details_George_rd","BGN40","6-7 Yrs"
"1707163684-93","https://global.direct.asda.com/george/kids/D25,default,sc.html","New In","https://global.direct.asda.com/george/kids/new-in/D25M1G2C1,default,sc.html","Sonic The Hedgehog Long Sleeve Pyjamas","https://global.direct.asda.com/george/kids/nightwear-slippers/sonic-the-hedgehog-long-sleeve-pyjamas/GEM1097917,default,pd.html?cgid=D25M1G1C11","Sonic The Hedgehog Long Sleeve Pyjamas","https://asda.scene7.com/is/image/Asda/5059196466010?hei=1026&wid=762&qlt=85&fmt=pjpg&resmode=sharp2&op_usm=1.1,0.5,0,0&defaultimage=default_details_George_rd","BGN40","7-8 Yrs"
"1707163684-94","https://global.direct.asda.com/george/kids/D25,default,sc.html","New In","https://global.direct.asda.com/george/kids/new-in/D25M1G2C1,default,sc.html","Sonic The Hedgehog Long Sleeve Pyjamas","https://global.direct.asda.com/george/kids/nightwear-slippers/sonic-the-hedgehog-long-sleeve-pyjamas/GEM1097917,default,pd.html?cgid=D25M1G1C11","Sonic The Hedgehog Long Sleeve Pyjamas","https://asda.scene7.com/is/image/Asda/5059196466010?hei=1026&wid=762&qlt=85&fmt=pjpg&resmode=sharp2&op_usm=1.1,0.5,0,0&defaultimage=default_details_George_rd","BGN40","8-9 Yrs"
"1707163684-95","https://global.direct.asda.com/george/kids/D25,default,sc.html","New In","https://global.direct.asda.com/george/kids/new-in/D25M1G2C1,default,sc.html","Sonic The Hedgehog Long Sleeve Pyjamas","https://global.direct.asda.com/george/kids/nightwear-slippers/sonic-the-hedgehog-long-sleeve-pyjamas/GEM1097917,default,pd.html?cgid=D25M1G1C11","Sonic The Hedgehog Long Sleeve Pyjamas","https://asda.scene7.com/is/image/Asda/5059196466010?hei=1026&wid=762&qlt=85&fmt=pjpg&resmode=sharp2&op_usm=1.1,0.5,0,0&defaultimage=default_details_George_rd","BGN40","9-10 Yrs"
"1707163684-96","https://global.direct.asda.com/george/kids/D25,default,sc.html","New In","https://global.direct.asda.com/george/kids/new-in/D25M1G2C1,default,sc.html","Sonic The Hedgehog Long Sleeve Pyjamas","https://global.direct.asda.com/george/kids/nightwear-slippers/sonic-the-hedgehog-long-sleeve-pyjamas/GEM1097917,default,pd.html?cgid=D25M1G1C11","Sonic The Hedgehog Long Sleeve Pyjamas","https://asda.scene7.com/is/image/Asda/5059196466010?hei=1026&wid=762&qlt=85&fmt=pjpg&resmode=sharp2&op_usm=1.1,0.5,0,0&defaultimage=default_details_George_rd","BGN40","10-11 Yrs"
"1707163684-97","https://global.direct.asda.com/george/kids/D25,default,sc.html","New In","https://global.direct.asda.com/george/kids/new-in/D25M1G2C1,default,sc.html","Sonic The Hedgehog Long Sleeve Pyjamas","https://global.direct.asda.com/george/kids/nightwear-slippers/sonic-the-hedgehog-long-sleeve-pyjamas/GEM1097917,default,pd.html?cgid=D25M1G1C11","Sonic The Hedgehog Long Sleeve Pyjamas","https://asda.scene7.com/is/image/Asda/5059196466010?hei=1026&wid=762&qlt=85&fmt=pjpg&resmode=sharp2&op_usm=1.1,0.5,0,0&defaultimage=default_details_George_rd","BGN40","11-12 Yrs"
"1707163684-98","https://global.direct.asda.com/george/kids/D25,default,sc.html","New In","https://global.direct.asda.com/george/kids/new-in/D25M1G2C1,default,sc.html","Sonic The Hedgehog Long Sleeve Pyjamas","https://global.direct.asda.com/george/kids/nightwear-slippers/sonic-the-hedgehog-long-sleeve-pyjamas/GEM1097917,default,pd.html?cgid=D25M1G1C11","Sonic The Hedgehog Long Sleeve Pyjamas","https://asda.scene7.com/is/image/Asda/5059196466010?hei=1026&wid=762&qlt=85&fmt=pjpg&resmode=sharp2&op_usm=1.1,0.5,0,0&defaultimage=default_details_George_rd","BGN40","12-13 Yrs"
"1707163684-99","https://global.direct.asda.com/george/kids/D25,default,sc.html","New In","https://global.direct.asda.com/george/kids/new-in/D25M1G2C1,default,sc.html","Sonic The Hedgehog Long Sleeve Pyjamas","https://global.direct.asda.com/george/kids/nightwear-slippers/sonic-the-hedgehog-long-sleeve-pyjamas/GEM1097917,default,pd.html?cgid=D25M1G1C11","Sonic The Hedgehog Long Sleeve Pyjamas","https://asda.scene7.com/is/image/Asda/5059196466010?hei=1026&wid=762&qlt=85&fmt=pjpg&resmode=sharp2&op_usm=1.1,0.5,0,0&defaultimage=default_details_George_rd","BGN33","13-14 Yrs"
"1707163693-100","https://global.direct.asda.com/george/kids/D25,default,sc.html","New In","https://global.direct.asda.com/george/kids/new-in/D25M1G2C1,default,sc.html","Blue Tie Dye Sweatshirt and Leggings Outfit","https://global.direct.asda.com/george/kids/outfits/blue-tie-dye-sweatshirt-and-leggings-outfit/GEM1087302,default,pd.html?cgid=D25M1G1C19","Blue Tie Dye Sweatshirt and Leggings Outfit","https://asda.scene7.com/is/image/Asda/5059196087116?hei=1026&wid=762&qlt=85&fmt=pjpg&resmode=sharp2&op_usm=1.1,0.5,0,0&defaultimage=default_details_George_rd","BGN33","1-1.5 Yrs"
"1707163693-101","https://global.direct.asda.com/george/kids/D25,default,sc.html","New In","https://global.direct.asda.com/george/kids/new-in/D25M1G2C1,default,sc.html","Blue Tie Dye Sweatshirt and Leggings Outfit","https://global.direct.asda.com/george/kids/outfits/blue-tie-dye-sweatshirt-and-leggings-outfit/GEM1087302,default,pd.html?cgid=D25M1G1C19","Blue Tie Dye Sweatshirt and Leggings Outfit","https://asda.scene7.com/is/image/Asda/5059196087116?hei=1026&wid=762&qlt=85&fmt=pjpg&resmode=sharp2&op_usm=1.1,0.5,0,0&defaultimage=default_details_George_rd","BGN33","1.5-2 Yrs"
"1707163693-102","https://global.direct.asda.com/george/kids/D25,default,sc.html","New In","https://global.direct.asda.com/george/kids/new-in/D25M1G2C1,default,sc.html","Blue Tie Dye Sweatshirt and Leggings Outfit","https://global.direct.asda.com/george/kids/outfits/blue-tie-dye-sweatshirt-and-leggings-outfit/GEM1087302,default,pd.html?cgid=D25M1G1C19","Blue Tie Dye Sweatshirt and Leggings Outfit","https://asda.scene7.com/is/image/Asda/5059196087116?hei=1026&wid=762&qlt=85&fmt=pjpg&resmode=sharp2&op_usm=1.1,0.5,0,0&defaultimage=default_details_George_rd","BGN33","1.5-2 Yrs"
"1707163693-103","https://global.direct.asda.com/george/kids/D25,default,sc.html","New In","https://global.direct.asda.com/george/kids/new-in/D25M1G2C1,default,sc.html","Blue Tie Dye Sweatshirt and Leggings Outfit","https://global.direct.asda.com/george/kids/outfits/blue-tie-dye-sweatshirt-and-leggings-outfit/GEM1087302,default,pd.html?cgid=D25M1G1C19","Blue Tie Dye Sweatshirt and Leggings Outfit","https://asda.scene7.com/is/image/Asda/5059196087116?hei=1026&wid=762&qlt=85&fmt=pjpg&resmode=sharp2&op_usm=1.1,0.5,0,0&defaultimage=default_details_George_rd","BGN40","4-5 Yrs"
"1707163693-104","https://global.direct.asda.com/george/kids/D25,default,sc.html","New In","https://global.direct.asda.com/george/kids/new-in/D25M1G2C1,default,sc.html","Blue Tie Dye Sweatshirt and Leggings Outfit","https://global.direct.asda.com/george/kids/outfits/blue-tie-dye-sweatshirt-and-leggings-outfit/GEM1087302,default,pd.html?cgid=D25M1G1C19","Blue Tie Dye Sweatshirt and Leggings Outfit","https://asda.scene7.com/is/image/Asda/5059196087116?hei=1026&wid=762&qlt=85&fmt=pjpg&resmode=sharp2&op_usm=1.1,0.5,0,0&defaultimage=default_details_George_rd","BGN40","5-6 Yrs"
"1707163693-105","https://global.direct.asda.com/george/kids/D25,default,sc.html","New In","https://global.direct.asda.com/george/kids/new-in/D25M1G2C1,default,sc.html","Blue Tie Dye Sweatshirt and Leggings Outfit","https://global.direct.asda.com/george/kids/outfits/blue-tie-dye-sweatshirt-and-leggings-outfit/GEM1087302,default,pd.html?cgid=D25M1G1C19","Blue Tie Dye Sweatshirt and Leggings Outfit","https://asda.scene7.com/is/image/Asda/5059196087116?hei=1026&wid=762&qlt=85&fmt=pjpg&resmode=sharp2&op_usm=1.1,0.5,0,0&defaultimage=default_details_George_rd","BGN46","6-7 Yrs"
"1707163693-106","https://global.direct.asda.com/george/kids/D25,default,sc.html","New In","https://global.direct.asda.com/george/kids/new-in/D25M1G2C1,default,sc.html","Blue Tie Dye Sweatshirt and Leggings Outfit","https://global.direct.asda.com/george/kids/outfits/blue-tie-dye-sweatshirt-and-leggings-outfit/GEM1087302,default,pd.html?cgid=D25M1G1C19","Blue Tie Dye Sweatshirt and Leggings Outfit","https://asda.scene7.com/is/image/Asda/5059196087116?hei=1026&wid=762&qlt=85&fmt=pjpg&resmode=sharp2&op_usm=1.1,0.5,0,0&defaultimage=default_details_George_rd","BGN46","7-8 Yrs"
"1707163693-107","https://global.direct.asda.com/george/kids/D25,default,sc.html","New In","https://global.direct.asda.com/george/kids/new-in/D25M1G2C1,default,sc.html","Blue Tie Dye Sweatshirt and Leggings Outfit","https://global.direct.asda.com/george/kids/outfits/blue-tie-dye-sweatshirt-and-leggings-outfit/GEM1087302,default,pd.html?cgid=D25M1G1C19","Blue Tie Dye Sweatshirt and Leggings Outfit","https://asda.scene7.com/is/image/Asda/5059196087116?hei=1026&wid=762&qlt=85&fmt=pjpg&resmode=sharp2&op_usm=1.1,0.5,0,0&defaultimage=default_details_George_rd","BGN46","8-9 Yrs"
"1707163693-108","https://global.direct.asda.com/george/kids/D25,default,sc.html","New In","https://global.direct.asda.com/george/kids/new-in/D25M1G2C1,default,sc.html","Blue Tie Dye Sweatshirt and Leggings Outfit","https://global.direct.asda.com/george/kids/outfits/blue-tie-dye-sweatshirt-and-leggings-outfit/GEM1087302,default,pd.html?cgid=D25M1G1C19","Blue Tie Dye Sweatshirt and Leggings Outfit","https://asda.scene7.com/is/image/Asda/5059196087116?hei=1026&wid=762&qlt=85&fmt=pjpg&resmode=sharp2&op_usm=1.1,0.5,0,0&defaultimage=default_details_George_rd","BGN46","9-10 Yrs"
"1707163701-109","https://global.direct.asda.com/george/kids/D25,default,sc.html","New In","https://global.direct.asda.com/george/kids/new-in/D25M1G2C1,default,sc.html","Sonic Prime Blue Long Sleeve Pyjamas","https://global.direct.asda.com/george/kids/nightwear-slippers/sonic-prime-blue-long-sleeve-pyjamas/GEM1106313,default,pd.html?cgid=D25M1G1C11","Sonic Prime Blue Long Sleeve Pyjamas","https://asda.scene7.com/is/image/Asda/5059196941593?hei=1026&wid=762&qlt=85&fmt=pjpg&resmode=sharp2&op_usm=1.1,0.5,0,0&defaultimage=default_details_George_rd","BGN33","3-4 Yrs"
"1707163701-110","https://global.direct.asda.com/george/kids/D25,default,sc.html","New In","https://global.direct.asda.com/george/kids/new-in/D25M1G2C1,default,sc.html","Sonic Prime Blue Long Sleeve Pyjamas","https://global.direct.asda.com/george/kids/nightwear-slippers/sonic-prime-blue-long-sleeve-pyjamas/GEM1106313,default,pd.html?cgid=D25M1G1C11","Sonic Prime Blue Long Sleeve Pyjamas","https://asda.scene7.com/is/image/Asda/5059196941593?hei=1026&wid=762&qlt=85&fmt=pjpg&resmode=sharp2&op_usm=1.1,0.5,0,0&defaultimage=default_details_George_rd","BGN33","4-5 Yrs"
"1707163701-111","https://global.direct.asda.com/george/kids/D25,default,sc.html","New In","https://global.direct.asda.com/george/kids/new-in/D25M1G2C1,default,sc.html","Sonic Prime Blue Long Sleeve Pyjamas","https://global.direct.asda.com/george/kids/nightwear-slippers/sonic-prime-blue-long-sleeve-pyjamas/GEM1106313,default,pd.html?cgid=D25M1G1C11","Sonic Prime Blue Long Sleeve Pyjamas","https://asda.scene7.com/is/image/Asda/5059196941593?hei=1026&wid=762&qlt=85&fmt=pjpg&resmode=sharp2&op_usm=1.1,0.5,0,0&defaultimage=default_details_George_rd","BGN33","5-6 Yrs"
"1707163701-112","https://global.direct.asda.com/george/kids/D25,default,sc.html","New In","https://global.direct.asda.com/george/kids/new-in/D25M1G2C1,default,sc.html","Sonic Prime Blue Long Sleeve Pyjamas","https://global.direct.asda.com/george/kids/nightwear-slippers/sonic-prime-blue-long-sleeve-pyjamas/GEM1106313,default,pd.html?cgid=D25M1G1C11","Sonic Prime Blue Long Sleeve Pyjamas","https://asda.scene7.com/is/image/Asda/5059196941593?hei=1026&wid=762&qlt=85&fmt=pjpg&resmode=sharp2&op_usm=1.1,0.5,0,0&defaultimage=default_details_George_rd","BGN40","6-7 Yrs"
"1707163701-113","https://global.direct.asda.com/george/kids/D25,default,sc.html","New In","https://global.direct.asda.com/george/kids/new-in/D25M1G2C1,default,sc.html","Sonic Prime Blue Long Sleeve Pyjamas","https://global.direct.asda.com/george/kids/nightwear-slippers/sonic-prime-blue-long-sleeve-pyjamas/GEM1106313,default,pd.html?cgid=D25M1G1C11","Sonic Prime Blue Long Sleeve Pyjamas","https://asda.scene7.com/is/image/Asda/5059196941593?hei=1026&wid=762&qlt=85&fmt=pjpg&resmode=sharp2&op_usm=1.1,0.5,0,0&defaultimage=default_details_George_rd","BGN40","7-8 Yrs"
"1707163701-114","https://global.direct.asda.com/george/kids/D25,default,sc.html","New In","https://global.direct.asda.com/george/kids/new-in/D25M1G2C1,default,sc.html","Sonic Prime Blue Long Sleeve Pyjamas","https://global.direct.asda.com/george/kids/nightwear-slippers/sonic-prime-blue-long-sleeve-pyjamas/GEM1106313,default,pd.html?cgid=D25M1G1C11","Sonic Prime Blue Long Sleeve Pyjamas","https://asda.scene7.com/is/image/Asda/5059196941593?hei=1026&wid=762&qlt=85&fmt=pjpg&resmode=sharp2&op_usm=1.1,0.5,0,0&defaultimage=default_details_George_rd","BGN40","8-9 Yrs"
"1707163701-115","https://global.direct.asda.com/george/kids/D25,default,sc.html","New In","https://global.direct.asda.com/george/kids/new-in/D25M1G2C1,default,sc.html","Sonic Prime Blue Long Sleeve Pyjamas","https://global.direct.asda.com/george/kids/nightwear-slippers/sonic-prime-blue-long-sleeve-pyjamas/GEM1106313,default,pd.html?cgid=D25M1G1C11","Sonic Prime Blue Long Sleeve Pyjamas","https://asda.scene7.com/is/image/Asda/5059196941593?hei=1026&wid=762&qlt=85&fmt=pjpg&resmode=sharp2&op_usm=1.1,0.5,0,0&defaultimage=default_details_George_rd","BGN40","9-10 Yrs"
"1707163709-116","https://global.direct.asda.com/george/kids/D25,default,sc.html","New In","https://global.direct.asda.com/george/kids/new-in/D25M1G2C1,default,sc.html","Sage Green Colour Block Checked Woven Pyjamas","https://global.direct.asda.com/george/kids/nightwear-slippers/sage-green-colour-block-checked-woven-pyjamas/GEM1103373,default,pd.html?cgid=D25M1G1C11","Sage Green Colour Block Checked Woven Pyjamas","https://asda.scene7.com/is/image/Asda/5059196747799?hei=1026&wid=762&qlt=85&fmt=pjpg&resmode=sharp2&op_usm=1.1,0.5,0,0&defaultimage=default_details_George_rd","BGN30","5-6 Yrs"
"1707163709-117","https://global.direct.asda.com/george/kids/D25,default,sc.html","New In","https://global.direct.asda.com/george/kids/new-in/D25M1G2C1,default,sc.html","Sage Green Colour Block Checked Woven Pyjamas","https://global.direct.asda.com/george/kids/nightwear-slippers/sage-green-colour-block-checked-woven-pyjamas/GEM1103373,default,pd.html?cgid=D25M1G1C11","Sage Green Colour Block Checked Woven Pyjamas","https://asda.scene7.com/is/image/Asda/5059196747799?hei=1026&wid=762&qlt=85&fmt=pjpg&resmode=sharp2&op_usm=1.1,0.5,0,0&defaultimage=default_details_George_rd","BGN37","6-7 Yrs"
"1707163709-118","https://global.direct.asda.com/george/kids/D25,default,sc.html","New In","https://global.direct.asda.com/george/kids/new-in/D25M1G2C1,default,sc.html","Sage Green Colour Block Checked Woven Pyjamas","https://global.direct.asda.com/george/kids/nightwear-slippers/sage-green-colour-block-checked-woven-pyjamas/GEM1103373,default,pd.html?cgid=D25M1G1C11","Sage Green Colour Block Checked Woven Pyjamas","https://asda.scene7.com/is/image/Asda/5059196747799?hei=1026&wid=762&qlt=85&fmt=pjpg&resmode=sharp2&op_usm=1.1,0.5,0,0&defaultimage=default_details_George_rd","BGN37","7-8 Yrs"
"1707163709-119","https://global.direct.asda.com/george/kids/D25,default,sc.html","New In","https://global.direct.asda.com/george/kids/new-in/D25M1G2C1,default,sc.html","Sage Green Colour Block Checked Woven Pyjamas","https://global.direct.asda.com/george/kids/nightwear-slippers/sage-green-colour-block-checked-woven-pyjamas/GEM1103373,default,pd.html?cgid=D25M1G1C11","Sage Green Colour Block Checked Woven Pyjamas","https://asda.scene7.com/is/image/Asda/5059196747799?hei=1026&wid=762&qlt=85&fmt=pjpg&resmode=sharp2&op_usm=1.1,0.5,0,0&defaultimage=default_details_George_rd","BGN37","8-9 Yrs"
"1707163709-120","https://global.direct.asda.com/george/kids/D25,default,sc.html","New In","https://global.direct.asda.com/george/kids/new-in/D25M1G2C1,default,sc.html","Sage Green Colour Block Checked Woven Pyjamas","https://global.direct.asda.com/george/kids/nightwear-slippers/sage-green-colour-block-checked-woven-pyjamas/GEM1103373,default,pd.html?cgid=D25M1G1C11","Sage Green Colour Block Checked Woven Pyjamas","https://asda.scene7.com/is/image/Asda/5059196747799?hei=1026&wid=762&qlt=85&fmt=pjpg&resmode=sharp2&op_usm=1.1,0.5,0,0&defaultimage=default_details_George_rd","BGN37","9-10 Yrs"
"1707163709-121","https://global.direct.asda.com/george/kids/D25,default,sc.html","New In","https://global.direct.asda.com/george/kids/new-in/D25M1G2C1,default,sc.html","Sage Green Colour Block Checked Woven Pyjamas","https://global.direct.asda.com/george/kids/nightwear-slippers/sage-green-colour-block-checked-woven-pyjamas/GEM1103373,default,pd.html?cgid=D25M1G1C11","Sage Green Colour Block Checked Woven Pyjamas","https://asda.scene7.com/is/image/Asda/5059196747799?hei=1026&wid=762&qlt=85&fmt=pjpg&resmode=sharp2&op_usm=1.1,0.5,0,0&defaultimage=default_details_George_rd","BGN37","10-11 Yrs"
"1707163709-122","https://global.direct.asda.com/george/kids/D25,default,sc.html","New In","https://global.direct.asda.com/george/kids/new-in/D25M1G2C1,default,sc.html","Sage Green Colour Block Checked Woven Pyjamas","https://global.direct.asda.com/george/kids/nightwear-slippers/sage-green-colour-block-checked-woven-pyjamas/GEM1103373,default,pd.html?cgid=D25M1G1C11","Sage Green Colour Block Checked Woven Pyjamas","https://asda.scene7.com/is/image/Asda/5059196747799?hei=1026&wid=762&qlt=85&fmt=pjpg&resmode=sharp2&op_usm=1.1,0.5,0,0&defaultimage=default_details_George_rd","BGN37","11-12 Yrs"
"1707163709-123","https://global.direct.asda.com/george/kids/D25,default,sc.html","New In","https://global.direct.asda.com/george/kids/new-in/D25M1G2C1,default,sc.html","Sage Green Colour Block Checked Woven Pyjamas","https://global.direct.asda.com/george/kids/nightwear-slippers/sage-green-colour-block-checked-woven-pyjamas/GEM1103373,default,pd.html?cgid=D25M1G1C11","Sage Green Colour Block Checked Woven Pyjamas","https://asda.scene7.com/is/image/Asda/5059196747799?hei=1026&wid=762&qlt=85&fmt=pjpg&resmode=sharp2&op_usm=1.1,0.5,0,0&defaultimage=default_details_George_rd","BGN37","12-13 Yrs"
"1707163714-124","https://global.direct.asda.com/george/kids/D25,default,sc.html","New In","https://global.direct.asda.com/george/kids/new-in/D25M1G2C1,default,sc.html","Marvel Spider-Man Caps 2 Pack","https://global.direct.asda.com/george/kids/accessories/marvel-spider-man-caps-2-pack/GEM1102258,default,pd.html?cgid=D25M1G1C9","Marvel Spider-Man Caps 2 Pack","https://asda.scene7.com/is/image/Asda/5059196682038?hei=1026&wid=762&qlt=85&fmt=pjpg&resmode=sharp2&op_usm=1.1,0.5,0,0&defaultimage=default_details_George_rd","BGN33","4-8 Yrs"
"1707163714-125","https://global.direct.asda.com/george/kids/D25,default,sc.html","New In","https://global.direct.asda.com/george/kids/new-in/D25M1G2C1,default,sc.html","Marvel Spider-Man Caps 2 Pack","https://global.direct.asda.com/george/kids/accessories/marvel-spider-man-caps-2-pack/GEM1102258,default,pd.html?cgid=D25M1G1C9","Marvel Spider-Man Caps 2 Pack","https://asda.scene7.com/is/image/Asda/5059196682038?hei=1026&wid=762&qlt=85&fmt=pjpg&resmode=sharp2&op_usm=1.1,0.5,0,0&defaultimage=default_details_George_rd","BGN33","8-12 Yrs"
"1707163722-126","https://global.direct.asda.com/george/kids/D25,default,sc.html","New In","https://global.direct.asda.com/george/kids/new-in/D25M1G2C1,default,sc.html","Grey Marl Little Welsh Dragon T-Shirt","https://global.direct.asda.com/george/kids/tops-t-shirts/grey-marl-little-welsh-dragon-t-shirt/GEM1094317,default,pd.html?cgid=D25M1G1C1","Grey Marl Little Welsh Dragon T-Shirt","https://asda.scene7.com/is/image/Asda/5059196395891?hei=1026&wid=762&qlt=85&fmt=pjpg&resmode=sharp2&op_usm=1.1,0.5,0,0&defaultimage=default_details_George_rd","BGN9","1-1.5 Yrs"
"1707163722-127","https://global.direct.asda.com/george/kids/D25,default,sc.html","New In","https://global.direct.asda.com/george/kids/new-in/D25M1G2C1,default,sc.html","Grey Marl Little Welsh Dragon T-Shirt","https://global.direct.asda.com/george/kids/tops-t-shirts/grey-marl-little-welsh-dragon-t-shirt/GEM1094317,default,pd.html?cgid=D25M1G1C1","Grey Marl Little Welsh Dragon T-Shirt","https://asda.scene7.com/is/image/Asda/5059196395891?hei=1026&wid=762&qlt=85&fmt=pjpg&resmode=sharp2&op_usm=1.1,0.5,0,0&defaultimage=default_details_George_rd","BGN9","1.5-2 Yrs"
"1707163722-128","https://global.direct.asda.com/george/kids/D25,default,sc.html","New In","https://global.direct.asda.com/george/kids/new-in/D25M1G2C1,default,sc.html","Grey Marl Little Welsh Dragon T-Shirt","https://global.direct.asda.com/george/kids/tops-t-shirts/grey-marl-little-welsh-dragon-t-shirt/GEM1094317,default,pd.html?cgid=D25M1G1C1","Grey Marl Little Welsh Dragon T-Shirt","https://asda.scene7.com/is/image/Asda/5059196395891?hei=1026&wid=762&qlt=85&fmt=pjpg&resmode=sharp2&op_usm=1.1,0.5,0,0&defaultimage=default_details_George_rd","BGN9","2-3 Yrs"
"1707163722-129","https://global.direct.asda.com/george/kids/D25,default,sc.html","New In","https://global.direct.asda.com/george/kids/new-in/D25M1G2C1,default,sc.html","Grey Marl Little Welsh Dragon T-Shirt","https://global.direct.asda.com/george/kids/tops-t-shirts/grey-marl-little-welsh-dragon-t-shirt/GEM1094317,default,pd.html?cgid=D25M1G1C1","Grey Marl Little Welsh Dragon T-Shirt","https://asda.scene7.com/is/image/Asda/5059196395891?hei=1026&wid=762&qlt=85&fmt=pjpg&resmode=sharp2&op_usm=1.1,0.5,0,0&defaultimage=default_details_George_rd","BGN10","3-4 Yrs"
"1707163722-130","https://global.direct.asda.com/george/kids/D25,default,sc.html","New In","https://global.direct.asda.com/george/kids/new-in/D25M1G2C1,default,sc.html","Grey Marl Little Welsh Dragon T-Shirt","https://global.direct.asda.com/george/kids/tops-t-shirts/grey-marl-little-welsh-dragon-t-shirt/GEM1094317,default,pd.html?cgid=D25M1G1C1","Grey Marl Little Welsh Dragon T-Shirt","https://asda.scene7.com/is/image/Asda/5059196395891?hei=1026&wid=762&qlt=85&fmt=pjpg&resmode=sharp2&op_usm=1.1,0.5,0,0&defaultimage=default_details_George_rd","BGN10","4-5 Yrs"
"1707163722-131","https://global.direct.asda.com/george/kids/D25,default,sc.html","New In","https://global.direct.asda.com/george/kids/new-in/D25M1G2C1,default,sc.html","Grey Marl Little Welsh Dragon T-Shirt","https://global.direct.asda.com/george/kids/tops-t-shirts/grey-marl-little-welsh-dragon-t-shirt/GEM1094317,default,pd.html?cgid=D25M1G1C1","Grey Marl Little Welsh Dragon T-Shirt","https://asda.scene7.com/is/image/Asda/5059196395891?hei=1026&wid=762&qlt=85&fmt=pjpg&resmode=sharp2&op_usm=1.1,0.5,0,0&defaultimage=default_details_George_rd","BGN10","5-6 Yrs"
"1707163722-132","https://global.direct.asda.com/george/kids/D25,default,sc.html","New In","https://global.direct.asda.com/george/kids/new-in/D25M1G2C1,default,sc.html","Grey Marl Little Welsh Dragon T-Shirt","https://global.direct.asda.com/george/kids/tops-t-shirts/grey-marl-little-welsh-dragon-t-shirt/GEM1094317,default,pd.html?cgid=D25M1G1C1","Grey Marl Little Welsh Dragon T-Shirt","https://asda.scene7.com/is/image/Asda/5059196395891?hei=1026&wid=762&qlt=85&fmt=pjpg&resmode=sharp2&op_usm=1.1,0.5,0,0&defaultimage=default_details_George_rd","BGN12","6-7 Yrs"
"1707163722-133","https://global.direct.asda.com/george/kids/D25,default,sc.html","New In","https://global.direct.asda.com/george/kids/new-in/D25M1G2C1,default,sc.html","Grey Marl Little Welsh Dragon T-Shirt","https://global.direct.asda.com/george/kids/tops-t-shirts/grey-marl-little-welsh-dragon-t-shirt/GEM1094317,default,pd.html?cgid=D25M1G1C1","Grey Marl Little Welsh Dragon T-Shirt","https://asda.scene7.com/is/image/Asda/5059196395891?hei=1026&wid=762&qlt=85&fmt=pjpg&resmode=sharp2&op_usm=1.1,0.5,0,0&defaultimage=default_details_George_rd","BGN12","7-8 Yrs"
"1707163729-134","https://global.direct.asda.com/george/kids/D25,default,sc.html","New In","https://global.direct.asda.com/george/kids/new-in/D25M1G2C1,default,sc.html","Xbox Black Triple Strap Canvas Trainers","https://global.direct.asda.com/george/kids/shoes/xbox-black-triple-strap-canvas-trainers/GEM1087933,default,pd.html?cgid=D25M1G1C14","Xbox Black Triple Strap Canvas Trainers","https://asda.scene7.com/is/image/Asda/5059196108750?hei=1026&wid=762&qlt=85&fmt=pjpg&resmode=sharp2&op_usm=1.1,0.5,0,0&defaultimage=default_details_George_rd","BGN40","12 Jnr"
"1707163729-135","https://global.direct.asda.com/george/kids/D25,default,sc.html","New In","https://global.direct.asda.com/george/kids/new-in/D25M1G2C1,default,sc.html","Xbox Black Triple Strap Canvas Trainers","https://global.direct.asda.com/george/kids/shoes/xbox-black-triple-strap-canvas-trainers/GEM1087933,default,pd.html?cgid=D25M1G1C14","Xbox Black Triple Strap Canvas Trainers","https://asda.scene7.com/is/image/Asda/5059196108750?hei=1026&wid=762&qlt=85&fmt=pjpg&resmode=sharp2&op_usm=1.1,0.5,0,0&defaultimage=default_details_George_rd","BGN40","13 Jnr"
"1707163729-136","https://global.direct.asda.com/george/kids/D25,default,sc.html","New In","https://global.direct.asda.com/george/kids/new-in/D25M1G2C1,default,sc.html","Xbox Black Triple Strap Canvas Trainers","https://global.direct.asda.com/george/kids/shoes/xbox-black-triple-strap-canvas-trainers/GEM1087933,default,pd.html?cgid=D25M1G1C14","Xbox Black Triple Strap Canvas Trainers","https://asda.scene7.com/is/image/Asda/5059196108750?hei=1026&wid=762&qlt=85&fmt=pjpg&resmode=sharp2&op_usm=1.1,0.5,0,0&defaultimage=default_details_George_rd","BGN40","1"
"1707163729-137","https://global.direct.asda.com/george/kids/D25,default,sc.html","New In","https://global.direct.asda.com/george/kids/new-in/D25M1G2C1,default,sc.html","Xbox Black Triple Strap Canvas Trainers","https://global.direct.asda.com/george/kids/shoes/xbox-black-triple-strap-canvas-trainers/GEM1087933,default,pd.html?cgid=D25M1G1C14","Xbox Black Triple Strap Canvas Trainers","https://asda.scene7.com/is/image/Asda/5059196108750?hei=1026&wid=762&qlt=85&fmt=pjpg&resmode=sharp2&op_usm=1.1,0.5,0,0&defaultimage=default_details_George_rd","BGN40","2"
"1707163729-138","https://global.direct.asda.com/george/kids/D25,default,sc.html","New In","https://global.direct.asda.com/george/kids/new-in/D25M1G2C1,default,sc.html","Xbox Black Triple Strap Canvas Trainers","https://global.direct.asda.com/george/kids/shoes/xbox-black-triple-strap-canvas-trainers/GEM1087933,default,pd.html?cgid=D25M1G1C14","Xbox Black Triple Strap Canvas Trainers","https://asda.scene7.com/is/image/Asda/5059196108750?hei=1026&wid=762&qlt=85&fmt=pjpg&resmode=sharp2&op_usm=1.1,0.5,0,0&defaultimage=default_details_George_rd","BGN43","3"
"1707163729-139","https://global.direct.asda.com/george/kids/D25,default,sc.html","New In","https://global.direct.asda.com/george/kids/new-in/D25M1G2C1,default,sc.html","Xbox Black Triple Strap Canvas Trainers","https://global.direct.asda.com/george/kids/shoes/xbox-black-triple-strap-canvas-trainers/GEM1087933,default,pd.html?cgid=D25M1G1C14","Xbox Black Triple Strap Canvas Trainers","https://asda.scene7.com/is/image/Asda/5059196108750?hei=1026&wid=762&qlt=85&fmt=pjpg&resmode=sharp2&op_usm=1.1,0.5,0,0&defaultimage=default_details_George_rd","BGN43","4"
"1707163729-140","https://global.direct.asda.com/george/kids/D25,default,sc.html","New In","https://global.direct.asda.com/george/kids/new-in/D25M1G2C1,default,sc.html","Xbox Black Triple Strap Canvas Trainers","https://global.direct.asda.com/george/kids/shoes/xbox-black-triple-strap-canvas-trainers/GEM1087933,default,pd.html?cgid=D25M1G1C14","Xbox Black Triple Strap Canvas Trainers","https://asda.scene7.com/is/image/Asda/5059196108750?hei=1026&wid=762&qlt=85&fmt=pjpg&resmode=sharp2&op_usm=1.1,0.5,0,0&defaultimage=default_details_George_rd","BGN43","5"
"1707163729-141","https://global.direct.asda.com/george/kids/D25,default,sc.html","New In","https://global.direct.asda.com/george/kids/new-in/D25M1G2C1,default,sc.html","Xbox Black Triple Strap Canvas Trainers","https://global.direct.asda.com/george/kids/shoes/xbox-black-triple-strap-canvas-trainers/GEM1087933,default,pd.html?cgid=D25M1G1C14","Xbox Black Triple Strap Canvas Trainers","https://asda.scene7.com/is/image/Asda/5059196108750?hei=1026&wid=762&qlt=85&fmt=pjpg&resmode=sharp2&op_usm=1.1,0.5,0,0&defaultimage=default_details_George_rd","BGN43","6"
"1707163736-142","https://global.direct.asda.com/george/kids/D25,default,sc.html","New In","https://global.direct.asda.com/george/kids/new-in/D25M1G2C1,default,sc.html","Billie Faiers Waffle Striped All In Ones 2 Pack","https://global.direct.asda.com/george/baby/baby-boy-outfits/billie-faiers-waffle-striped-all-in-ones-2-pack/GEM1084902,default,pd.html?cgid=D5M9G1C5","Billie Faiers Waffle Striped All In Ones 2 Pack","https://asda.scene7.com/is/image/Asda/5059195909532?hei=1026&wid=762&qlt=85&fmt=pjpg&resmode=sharp2&op_usm=1.1,0.5,0,0&defaultimage=default_details_George_rd","BGN46","0-3 Mths"
"1707163736-143","https://global.direct.asda.com/george/kids/D25,default,sc.html","New In","https://global.direct.asda.com/george/kids/new-in/D25M1G2C1,default,sc.html","Billie Faiers Waffle Striped All In Ones 2 Pack","https://global.direct.asda.com/george/baby/baby-boy-outfits/billie-faiers-waffle-striped-all-in-ones-2-pack/GEM1084902,default,pd.html?cgid=D5M9G1C5","Billie Faiers Waffle Striped All In Ones 2 Pack","https://asda.scene7.com/is/image/Asda/5059195909532?hei=1026&wid=762&qlt=85&fmt=pjpg&resmode=sharp2&op_usm=1.1,0.5,0,0&defaultimage=default_details_George_rd","BGN46","3-6 Mths"
"1707163736-144","https://global.direct.asda.com/george/kids/D25,default,sc.html","New In","https://global.direct.asda.com/george/kids/new-in/D25M1G2C1,default,sc.html","Billie Faiers Waffle Striped All In Ones 2 Pack","https://global.direct.asda.com/george/baby/baby-boy-outfits/billie-faiers-waffle-striped-all-in-ones-2-pack/GEM1084902,default,pd.html?cgid=D5M9G1C5","Billie Faiers Waffle Striped All In Ones 2 Pack","https://asda.scene7.com/is/image/Asda/5059195909532?hei=1026&wid=762&qlt=85&fmt=pjpg&resmode=sharp2&op_usm=1.1,0.5,0,0&defaultimage=default_details_George_rd","BGN46","6-9 Mths"
"1707163736-145","https://global.direct.asda.com/george/kids/D25,default,sc.html","New In","https://global.direct.asda.com/george/kids/new-in/D25M1G2C1,default,sc.html","Billie Faiers Waffle Striped All In Ones 2 Pack","https://global.direct.asda.com/george/baby/baby-boy-outfits/billie-faiers-waffle-striped-all-in-ones-2-pack/GEM1084902,default,pd.html?cgid=D5M9G1C5","Billie Faiers Waffle Striped All In Ones 2 Pack","https://asda.scene7.com/is/image/Asda/5059195909532?hei=1026&wid=762&qlt=85&fmt=pjpg&resmode=sharp2&op_usm=1.1,0.5,0,0&defaultimage=default_details_George_rd","BGN46","9-12 Mths"
"1707163736-146","https://global.direct.asda.com/george/kids/D25,default,sc.html","New In","https://global.direct.asda.com/george/kids/new-in/D25M1G2C1,default,sc.html","Billie Faiers Waffle Striped All In Ones 2 Pack","https://global.direct.asda.com/george/baby/baby-boy-outfits/billie-faiers-waffle-striped-all-in-ones-2-pack/GEM1084902,default,pd.html?cgid=D5M9G1C5","Billie Faiers Waffle Striped All In Ones 2 Pack","https://asda.scene7.com/is/image/Asda/5059195909532?hei=1026&wid=762&qlt=85&fmt=pjpg&resmode=sharp2&op_usm=1.1,0.5,0,0&defaultimage=default_details_George_rd","BGN46","1-1.5 Yrs"
"1707163736-147","https://global.direct.asda.com/george/kids/D25,default,sc.html","New In","https://global.direct.asda.com/george/kids/new-in/D25M1G2C1,default,sc.html","Billie Faiers Waffle Striped All In Ones 2 Pack","https://global.direct.asda.com/george/baby/baby-boy-outfits/billie-faiers-waffle-striped-all-in-ones-2-pack/GEM1084902,default,pd.html?cgid=D5M9G1C5","Billie Faiers Waffle Striped All In Ones 2 Pack","https://asda.scene7.com/is/image/Asda/5059195909532?hei=1026&wid=762&qlt=85&fmt=pjpg&resmode=sharp2&op_usm=1.1,0.5,0,0&defaultimage=default_details_George_rd","BGN46","1.5-2 Yrs"
"1707163736-148","https://global.direct.asda.com/george/kids/D25,default,sc.html","New In","https://global.direct.asda.com/george/kids/new-in/D25M1G2C1,default,sc.html","Billie Faiers Waffle Striped All In Ones 2 Pack","https://global.direct.asda.com/george/baby/baby-boy-outfits/billie-faiers-waffle-striped-all-in-ones-2-pack/GEM1084902,default,pd.html?cgid=D5M9G1C5","Billie Faiers Waffle Striped All In Ones 2 Pack","https://asda.scene7.com/is/image/Asda/5059195909532?hei=1026&wid=762&qlt=85&fmt=pjpg&resmode=sharp2&op_usm=1.1,0.5,0,0&defaultimage=default_details_George_rd","BGN46","2-3 Yrs"
"1707163746-149","https://global.direct.asda.com/george/kids/D25,default,sc.html","New In","https://global.direct.asda.com/george/kids/new-in/D25M1G2C1,default,sc.html","Star Print Long Sleeve Pyjamas 5 Pack","https://global.direct.asda.com/george/kids/nightwear-slippers/star-print-long-sleeve-pyjamas-5-pack/GEM1096490,default,pd.html?cgid=D25M1G1C11","Star Print Long Sleeve Pyjamas 5 Pack","https://asda.scene7.com/is/image/Asda/5059196457513?hei=1026&wid=762&qlt=85&fmt=pjpg&resmode=sharp2&op_usm=1.1,0.5,0,0&defaultimage=default_details_George_rd","BGN66","1.5-2 Yrs"
"1707163746-150","https://global.direct.asda.com/george/kids/D25,default,sc.html","New In","https://global.direct.asda.com/george/kids/new-in/D25M1G2C1,default,sc.html","Star Print Long Sleeve Pyjamas 5 Pack","https://global.direct.asda.com/george/kids/nightwear-slippers/star-print-long-sleeve-pyjamas-5-pack/GEM1096490,default,pd.html?cgid=D25M1G1C11","Star Print Long Sleeve Pyjamas 5 Pack","https://asda.scene7.com/is/image/Asda/5059196457513?hei=1026&wid=762&qlt=85&fmt=pjpg&resmode=sharp2&op_usm=1.1,0.5,0,0&defaultimage=default_details_George_rd","BGN66","2-3 Yrs"
"1707163746-151","https://global.direct.asda.com/george/kids/D25,default,sc.html","New In","https://global.direct.asda.com/george/kids/new-in/D25M1G2C1,default,sc.html","Star Print Long Sleeve Pyjamas 5 Pack","https://global.direct.asda.com/george/kids/nightwear-slippers/star-print-long-sleeve-pyjamas-5-pack/GEM1096490,default,pd.html?cgid=D25M1G1C11","Star Print Long Sleeve Pyjamas 5 Pack","https://asda.scene7.com/is/image/Asda/5059196457513?hei=1026&wid=762&qlt=85&fmt=pjpg&resmode=sharp2&op_usm=1.1,0.5,0,0&defaultimage=default_details_George_rd","BGN66","3-4 Yrs"
"1707163746-152","https://global.direct.asda.com/george/kids/D25,default,sc.html","New In","https://global.direct.asda.com/george/kids/new-in/D25M1G2C1,default,sc.html","Star Print Long Sleeve Pyjamas 5 Pack","https://global.direct.asda.com/george/kids/nightwear-slippers/star-print-long-sleeve-pyjamas-5-pack/GEM1096490,default,pd.html?cgid=D25M1G1C11","Star Print Long Sleeve Pyjamas 5 Pack","https://asda.scene7.com/is/image/Asda/5059196457513?hei=1026&wid=762&qlt=85&fmt=pjpg&resmode=sharp2&op_usm=1.1,0.5,0,0&defaultimage=default_details_George_rd","BGN66","4-5 Yrs"
"1707163746-153","https://global.direct.asda.com/george/kids/D25,default,sc.html","New In","https://global.direct.asda.com/george/kids/new-in/D25M1G2C1,default,sc.html","Star Print Long Sleeve Pyjamas 5 Pack","https://global.direct.asda.com/george/kids/nightwear-slippers/star-print-long-sleeve-pyjamas-5-pack/GEM1096490,default,pd.html?cgid=D25M1G1C11","Star Print Long Sleeve Pyjamas 5 Pack","https://asda.scene7.com/is/image/Asda/5059196457513?hei=1026&wid=762&qlt=85&fmt=pjpg&resmode=sharp2&op_usm=1.1,0.5,0,0&defaultimage=default_details_George_rd","BGN66","5-6 Yrs"
"1707163746-154","https://global.direct.asda.com/george/kids/D25,default,sc.html","New In","https://global.direct.asda.com/george/kids/new-in/D25M1G2C1,default,sc.html","Star Print Long Sleeve Pyjamas 5 Pack","https://global.direct.asda.com/george/kids/nightwear-slippers/star-print-long-sleeve-pyjamas-5-pack/GEM1096490,default,pd.html?cgid=D25M1G1C11","Star Print Long Sleeve Pyjamas 5 Pack","https://asda.scene7.com/is/image/Asda/5059196457513?hei=1026&wid=762&qlt=85&fmt=pjpg&resmode=sharp2&op_usm=1.1,0.5,0,0&defaultimage=default_details_George_rd","BGN73","6-7 Yrs"
"1707163746-155","https://global.direct.asda.com/george/kids/D25,default,sc.html","New In","https://global.direct.asda.com/george/kids/new-in/D25M1G2C1,default,sc.html","Star Print Long Sleeve Pyjamas 5 Pack","https://global.direct.asda.com/george/kids/nightwear-slippers/star-print-long-sleeve-pyjamas-5-pack/GEM1096490,default,pd.html?cgid=D25M1G1C11","Star Print Long Sleeve Pyjamas 5 Pack","https://asda.scene7.com/is/image/Asda/5059196457513?hei=1026&wid=762&qlt=85&fmt=pjpg&resmode=sharp2&op_usm=1.1,0.5,0,0&defaultimage=default_details_George_rd","BGN73","7-8 Yrs"
"1707163746-156","https://global.direct.asda.com/george/kids/D25,default,sc.html","New In","https://global.direct.asda.com/george/kids/new-in/D25M1G2C1,default,sc.html","Star Print Long Sleeve Pyjamas 5 Pack","https://global.direct.asda.com/george/kids/nightwear-slippers/star-print-long-sleeve-pyjamas-5-pack/GEM1096490,default,pd.html?cgid=D25M1G1C11","Star Print Long Sleeve Pyjamas 5 Pack","https://asda.scene7.com/is/image/Asda/5059196457513?hei=1026&wid=762&qlt=85&fmt=pjpg&resmode=sharp2&op_usm=1.1,0.5,0,0&defaultimage=default_details_George_rd","BGN73","8-9 Yrs"
"1707163746-157","https://global.direct.asda.com/george/kids/D25,default,sc.html","New In","https://global.direct.asda.com/george/kids/new-in/D25M1G2C1,default,sc.html","Star Print Long Sleeve Pyjamas 5 Pack","https://global.direct.asda.com/george/kids/nightwear-slippers/star-print-long-sleeve-pyjamas-5-pack/GEM1096490,default,pd.html?cgid=D25M1G1C11","Star Print Long Sleeve Pyjamas 5 Pack","https://asda.scene7.com/is/image/Asda/5059196457513?hei=1026&wid=762&qlt=85&fmt=pjpg&resmode=sharp2&op_usm=1.1,0.5,0,0&defaultimage=default_details_George_rd","BGN73","9-10 Yrs"
"1707163746-158","https://global.direct.asda.com/george/kids/D25,default,sc.html","New In","https://global.direct.asda.com/george/kids/new-in/D25M1G2C1,default,sc.html","Star Print Long Sleeve Pyjamas 5 Pack","https://global.direct.asda.com/george/kids/nightwear-slippers/star-print-long-sleeve-pyjamas-5-pack/GEM1096490,default,pd.html?cgid=D25M1G1C11","Star Print Long Sleeve Pyjamas 5 Pack","https://asda.scene7.com/is/image/Asda/5059196457513?hei=1026&wid=762&qlt=85&fmt=pjpg&resmode=sharp2&op_usm=1.1,0.5,0,0&defaultimage=default_details_George_rd","BGN73","10-11 Yrs"
"1707163746-159","https://global.direct.asda.com/george/kids/D25,default,sc.html","New In","https://global.direct.asda.com/george/kids/new-in/D25M1G2C1,default,sc.html","Star Print Long Sleeve Pyjamas 5 Pack","https://global.direct.asda.com/george/kids/nightwear-slippers/star-print-long-sleeve-pyjamas-5-pack/GEM1096490,default,pd.html?cgid=D25M1G1C11","Star Print Long Sleeve Pyjamas 5 Pack","https://asda.scene7.com/is/image/Asda/5059196457513?hei=1026&wid=762&qlt=85&fmt=pjpg&resmode=sharp2&op_usm=1.1,0.5,0,0&defaultimage=default_details_George_rd","BGN73","11-12 Yrs"
"1707163746-160","https://global.direct.asda.com/george/kids/D25,default,sc.html","New In","https://global.direct.asda.com/george/kids/new-in/D25M1G2C1,default,sc.html","Star Print Long Sleeve Pyjamas 5 Pack","https://global.direct.asda.com/george/kids/nightwear-slippers/star-print-long-sleeve-pyjamas-5-pack/GEM1096490,default,pd.html?cgid=D25M1G1C11","Star Print Long Sleeve Pyjamas 5 Pack","https://asda.scene7.com/is/image/Asda/5059196457513?hei=1026&wid=762&qlt=85&fmt=pjpg&resmode=sharp2&op_usm=1.1,0.5,0,0&defaultimage=default_details_George_rd","BGN73","12-13 Yrs"
"1707163746-161","https://global.direct.asda.com/george/kids/D25,default,sc.html","New In","https://global.direct.asda.com/george/kids/new-in/D25M1G2C1,default,sc.html","Star Print Long Sleeve Pyjamas 5 Pack","https://global.direct.asda.com/george/kids/nightwear-slippers/star-print-long-sleeve-pyjamas-5-pack/GEM1096490,default,pd.html?cgid=D25M1G1C11","Star Print Long Sleeve Pyjamas 5 Pack","https://asda.scene7.com/is/image/Asda/5059196457513?hei=1026&wid=762&qlt=85&fmt=pjpg&resmode=sharp2&op_usm=1.1,0.5,0,0&defaultimage=default_details_George_rd","BGN61","13-14 Yrs"
"1707163754-162","https://global.direct.asda.com/george/kids/D25,default,sc.html","New In","https://global.direct.asda.com/george/kids/new-in/D25M1G2C1,default,sc.html","Pokémon Pikachu Black Check Clogs","https://global.direct.asda.com/george/kids/shoes/pokemon-pikachu-black-check-clogs/GEM1087038,default,pd.html?cgid=D25M1G1C14","Pokémon Pikachu Black Check Clogs","https://asda.scene7.com/is/image/Asda/5059196059694?hei=1026&wid=762&qlt=85&fmt=pjpg&resmode=sharp2&op_usm=1.1,0.5,0,0&defaultimage=default_details_George_rd","BGN23","8 Jnr"
"1707163754-163","https://global.direct.asda.com/george/kids/D25,default,sc.html","New In","https://global.direct.asda.com/george/kids/new-in/D25M1G2C1,default,sc.html","Pokémon Pikachu Black Check Clogs","https://global.direct.asda.com/george/kids/shoes/pokemon-pikachu-black-check-clogs/GEM1087038,default,pd.html?cgid=D25M1G1C14","Pokémon Pikachu Black Check Clogs","https://asda.scene7.com/is/image/Asda/5059196059694?hei=1026&wid=762&qlt=85&fmt=pjpg&resmode=sharp2&op_usm=1.1,0.5,0,0&defaultimage=default_details_George_rd","BGN23","9 Jnr"
"1707163754-164","https://global.direct.asda.com/george/kids/D25,default,sc.html","New In","https://global.direct.asda.com/george/kids/new-in/D25M1G2C1,default,sc.html","Pokémon Pikachu Black Check Clogs","https://global.direct.asda.com/george/kids/shoes/pokemon-pikachu-black-check-clogs/GEM1087038,default,pd.html?cgid=D25M1G1C14","Pokémon Pikachu Black Check Clogs","https://asda.scene7.com/is/image/Asda/5059196059694?hei=1026&wid=762&qlt=85&fmt=pjpg&resmode=sharp2&op_usm=1.1,0.5,0,0&defaultimage=default_details_George_rd","BGN23","10 Jnr"
"1707163754-165","https://global.direct.asda.com/george/kids/D25,default,sc.html","New In","https://global.direct.asda.com/george/kids/new-in/D25M1G2C1,default,sc.html","Pokémon Pikachu Black Check Clogs","https://global.direct.asda.com/george/kids/shoes/pokemon-pikachu-black-check-clogs/GEM1087038,default,pd.html?cgid=D25M1G1C14","Pokémon Pikachu Black Check Clogs","https://asda.scene7.com/is/image/Asda/5059196059694?hei=1026&wid=762&qlt=85&fmt=pjpg&resmode=sharp2&op_usm=1.1,0.5,0,0&defaultimage=default_details_George_rd","BGN23","11 Jnr"
"1707163754-166","https://global.direct.asda.com/george/kids/D25,default,sc.html","New In","https://global.direct.asda.com/george/kids/new-in/D25M1G2C1,default,sc.html","Pokémon Pikachu Black Check Clogs","https://global.direct.asda.com/george/kids/shoes/pokemon-pikachu-black-check-clogs/GEM1087038,default,pd.html?cgid=D25M1G1C14","Pokémon Pikachu Black Check Clogs","https://asda.scene7.com/is/image/Asda/5059196059694?hei=1026&wid=762&qlt=85&fmt=pjpg&resmode=sharp2&op_usm=1.1,0.5,0,0&defaultimage=default_details_George_rd","BGN27","12 Jnr"
"1707163754-167","https://global.direct.asda.com/george/kids/D25,default,sc.html","New In","https://global.direct.asda.com/george/kids/new-in/D25M1G2C1,default,sc.html","Pokémon Pikachu Black Check Clogs","https://global.direct.asda.com/george/kids/shoes/pokemon-pikachu-black-check-clogs/GEM1087038,default,pd.html?cgid=D25M1G1C14","Pokémon Pikachu Black Check Clogs","https://asda.scene7.com/is/image/Asda/5059196059694?hei=1026&wid=762&qlt=85&fmt=pjpg&resmode=sharp2&op_usm=1.1,0.5,0,0&defaultimage=default_details_George_rd","BGN27","13 Jnr"
"1707163754-168","https://global.direct.asda.com/george/kids/D25,default,sc.html","New In","https://global.direct.asda.com/george/kids/new-in/D25M1G2C1,default,sc.html","Pokémon Pikachu Black Check Clogs","https://global.direct.asda.com/george/kids/shoes/pokemon-pikachu-black-check-clogs/GEM1087038,default,pd.html?cgid=D25M1G1C14","Pokémon Pikachu Black Check Clogs","https://asda.scene7.com/is/image/Asda/5059196059694?hei=1026&wid=762&qlt=85&fmt=pjpg&resmode=sharp2&op_usm=1.1,0.5,0,0&defaultimage=default_details_George_rd","BGN27","1"
"1707163754-169","https://global.direct.asda.com/george/kids/D25,default,sc.html","New In","https://global.direct.asda.com/george/kids/new-in/D25M1G2C1,default,sc.html","Pokémon Pikachu Black Check Clogs","https://global.direct.asda.com/george/kids/shoes/pokemon-pikachu-black-check-clogs/GEM1087038,default,pd.html?cgid=D25M1G1C14","Pokémon Pikachu Black Check Clogs","https://asda.scene7.com/is/image/Asda/5059196059694?hei=1026&wid=762&qlt=85&fmt=pjpg&resmode=sharp2&op_usm=1.1,0.5,0,0&defaultimage=default_details_George_rd","BGN27","2"
